ID	gutmock00	gutmock01	gutmock02	gutmock03	gutmock04
KP944149.1.1433	148.0	143.0	202.0	120.0	198.0
CP000139.346743.348252	140.0	135.0	195.0	114.0	194.0
CP000139	143.0	132.0	201.0	108.0	199.0
CP000139.4430477.4431986	135.0	124.0	199.0	105.0	197.0
AB050111.1	151.0	140.0	206.0	118.0	206.0
AB510712.1.1489	138.0	130.0	189.0	109.0	188.0
CP000139.4743140.4744649	166.0	159.0	227.0	124.0	224.0
KP944147.1.1391	157.0	145.0	209.0	112.0	208.0
AY974071	555.0	58.0	89.0	69.0	41.0
841780	1.0	0.0	1.0	1.0	1.0
2236373	1.0	1.0	1.0	1.0	1.0
358072	1.0	0.0	1.0	0.0	1.0
362120	1.0	1.0	1.0	1.0	1.0
4370558	1.0	1.0	1.0	1.0	1.0
176153	1.0	0.0	1.0	1.0	1.0
180830	1.0	1.0	1.0	1.0	1.0
188637	1.0	0.0	1.0	0.0	1.0
171551	1.0	1.0	1.0	1.0	1.0
367232	1.0	0.0	1.0	1.0	1.0
529940	1.0	1.0	1.0	0.0	1.0
369311	1.0	0.0	1.0	0.0	1.0
299837	1.0	0.0	1.0	1.0	1.0
4416476	1.0	1.0	1.0	1.0	1.0
4475814	1.0	1.0	1.0	1.0	1.0
363722	1.0	1.0	1.0	0.0	1.0
354919	1.0	1.0	1.0	1.0	1.0
2970866	1.0	1.0	1.0	1.0	1.0
4027666	1.0	1.0	1.0	0.0	1.0
520774	1.0	1.0	1.0	1.0	1.0
2769933	1.0	1.0	1.0	1.0	1.0
182373	1.0	0.0	1.0	1.0	1.0
360347	1.0	1.0	1.0	0.0	1.0
848286	1.0	1.0	1.0	1.0	1.0
4027629	1.0	1.0	1.0	0.0	1.0
518619	1.0	1.0	1.0	1.0	1.0
2842794	1.0	1.0	1.0	1.0	1.0
196246	1.0	1.0	1.0	1.0	1.0
163451	1.0	1.0	1.0	1.0	1.0
4200771	1.0	1.0	1.0	1.0	1.0
182098	1.0	0.0	1.0	0.0	1.0
196569	1.0	1.0	1.0	1.0	1.0
4434679	1.0	1.0	1.0	1.0	1.0
365896	1.0	1.0	1.0	1.0	1.0
178701	1.0	1.0	1.0	0.0	1.0
846208	1.0	1.0	1.0	1.0	1.0
848578	1.0	1.0	1.0	1.0	1.0
4394506	1.0	0.0	1.0	0.0	1.0
176159	1.0	1.0	1.0	1.0	1.0
516420	1.0	0.0	1.0	0.0	1.0
4418712	1.0	1.0	1.0	1.0	1.0
514940	1.0	1.0	1.0	1.0	1.0
3097387	1.0	1.0	1.0	1.0	1.0
173956	1.0	1.0	1.0	0.0	0.0
509205	1.0	0.0	1.0	1.0	1.0
188329	1.0	1.0	1.0	1.0	1.0
4435890	1.0	0.0	1.0	1.0	0.0
693632	1.0	1.0	1.0	0.0	1.0
554436	1.0	1.0	1.0	1.0	1.0
4481131	1.0	1.0	1.0	0.0	1.0
360804	1.0	1.0	1.0	0.0	0.0
363642	1.0	1.0	1.0	1.0	1.0
525985	1.0	0.0	1.0	1.0	1.0
522398	1.0	0.0	1.0	1.0	1.0
515992	1.0	0.0	1.0	1.0	1.0
528476	1.0	0.0	1.0	1.0	1.0
851141	1.0	1.0	1.0	1.0	1.0
180716	1.0	1.0	1.0	0.0	1.0
3850189	1.0	1.0	1.0	1.0	1.0
4324882	1.0	0.0	1.0	1.0	1.0
185491	1.0	1.0	1.0	1.0	1.0
3532907	1.0	1.0	1.0	1.0	1.0
364979	1.0	1.0	1.0	1.0	1.0
294922	1.0	0.0	1.0	0.0	1.0
190804	1.0	1.0	1.0	0.0	1.0
521406	1.0	1.0	1.0	0.0	1.0
188326	1.0	0.0	1.0	0.0	1.0
4403113	1.0	1.0	1.0	1.0	1.0
526396	1.0	0.0	1.0	1.0	1.0
368072	1.0	1.0	1.0	1.0	0.0
522036	1.0	1.0	1.0	0.0	0.0
529709	1.0	1.0	1.0	0.0	1.0
3186392	1.0	0.0	1.0	0.0	1.0
523768	1.0	0.0	1.0	1.0	1.0
180500	1.0	0.0	1.0	1.0	0.0
199397	1.0	1.0	0.0	1.0	1.0
362327	1.0	1.0	1.0	1.0	1.0
39948	1.0	1.0	1.0	0.0	1.0
192566	1.0	1.0	1.0	1.0	1.0
191660	1.0	1.0	1.0	1.0	1.0
3098951	1.0	1.0	1.0	0.0	1.0
187746	1.0	1.0	1.0	0.0	1.0
209760	1.0	1.0	1.0	1.0	1.0
364563	1.0	1.0	1.0	0.0	1.0
525934	1.0	1.0	0.0	0.0	1.0
359356	1.0	1.0	1.0	0.0	1.0
520383	1.0	0.0	1.0	0.0	1.0
4257776	1.0	0.0	1.0	0.0	1.0
4473697	1.0	1.0	1.0	0.0	1.0
516135	1.0	1.0	1.0	1.0	1.0
181858	1.0	1.0	0.0	1.0	1.0
518723	1.0	1.0	1.0	0.0	1.0
521577	1.0	0.0	1.0	0.0	1.0
362927	1.0	0.0	1.0	0.0	1.0
1067103	1.0	1.0	1.0	1.0	1.0
524482	1.0	1.0	1.0	1.0	1.0
214234	1.0	1.0	1.0	1.0	1.0
539362	1.0	1.0	1.0	0.0	1.0
359796	1.0	1.0	1.0	1.0	1.0
195680	1.0	1.0	1.0	1.0	1.0
362246	1.0	1.0	1.0	1.0	1.0
176178	1.0	0.0	1.0	1.0	1.0
177835	1.0	1.0	1.0	1.0	1.0
358772	1.0	0.0	1.0	1.0	1.0
4455314	1.0	1.0	1.0	1.0	1.0
158170	1.0	0.0	1.0	1.0	1.0
514349	1.0	1.0	0.0	0.0	0.0
528166	1.0	0.0	1.0	1.0	1.0
366030	1.0	1.0	1.0	0.0	1.0
1748738	1.0	1.0	1.0	1.0	1.0
175791	1.0	1.0	1.0	1.0	1.0
360232	1.0	1.0	1.0	0.0	1.0
122394	1.0	0.0	1.0	1.0	0.0
182162	1.0	1.0	1.0	0.0	1.0
516458	1.0	1.0	0.0	1.0	0.0
4443538	1.0	1.0	1.0	1.0	1.0
848682	1.0	0.0	1.0	0.0	1.0
4404953	1.0	1.0	0.0	0.0	0.0
158981	1.0	1.0	1.0	0.0	1.0
186914	1.0	1.0	1.0	0.0	1.0
196311	1.0	1.0	1.0	0.0	1.0
4377301	1.0	1.0	1.0	0.0	1.0
361238	1.0	1.0	1.0	1.0	1.0
359314	1.0	1.0	1.0	1.0	1.0
514523	1.0	1.0	1.0	1.0	1.0
530876	1.0	1.0	0.0	1.0	1.0
1625579	1.0	1.0	1.0	1.0	1.0
4415150	1.0	0.0	1.0	1.0	1.0
193093	1.0	0.0	1.0	1.0	1.0
CP026548.579189.580706	1.0	0.0	1.0	1.0	1.0
361296	1.0	1.0	1.0	1.0	1.0
530122	1.0	1.0	0.0	1.0	0.0
4391342	1.0	0.0	1.0	1.0	1.0
516647	1.0	1.0	1.0	0.0	0.0
4437653	1.0	1.0	1.0	0.0	1.0
185823	1.0	1.0	1.0	1.0	1.0
4387501	1.0	1.0	1.0	0.0	1.0
180665	1.0	1.0	1.0	1.0	1.0
368430	1.0	1.0	1.0	1.0	1.0
4481708	1.0	1.0	0.0	1.0	1.0
369819	1.0	1.0	1.0	0.0	1.0
527041	1.0	1.0	1.0	1.0	0.0
158377	1.0	1.0	1.0	1.0	1.0
184511	1.0	0.0	1.0	0.0	0.0
196125	1.0	1.0	1.0	1.0	1.0
363824	1.0	1.0	0.0	1.0	0.0
4313286	1.0	1.0	1.0	0.0	1.0
4398604	1.0	1.0	1.0	0.0	0.0
3700151	1.0	1.0	1.0	1.0	1.0
4422061	1.0	1.0	1.0	0.0	1.0
366820	1.0	0.0	1.0	0.0	1.0
197944	1.0	0.0	1.0	0.0	1.0
74119	1.0	1.0	1.0	1.0	1.0
295485	1.0	1.0	1.0	1.0	1.0
4359043	1.0	1.0	1.0	1.0	1.0
4414163	1.0	0.0	1.0	1.0	1.0
361321	1.0	0.0	1.0	1.0	1.0
179321	1.0	0.0	1.0	1.0	1.0
183895	1.0	1.0	1.0	0.0	0.0
511201	1.0	1.0	1.0	1.0	0.0
192048	1.0	1.0	1.0	0.0	1.0
4438618	1.0	1.0	1.0	1.0	1.0
558789	1.0	0.0	1.0	1.0	1.0
525665	1.0	0.0	1.0	0.0	1.0
4358300	1.0	1.0	1.0	0.0	1.0
177602	1.0	1.0	0.0	1.0	0.0
365421	1.0	1.0	1.0	1.0	1.0
2137117	1.0	0.0	1.0	0.0	1.0
365842	1.0	1.0	1.0	1.0	1.0
515764	1.0	0.0	1.0	1.0	1.0
4354010	1.0	1.0	1.0	1.0	1.0
360406	1.0	1.0	1.0	1.0	1.0
2505259	1.0	1.0	1.0	1.0	1.0
512799	1.0	1.0	1.0	1.0	1.0
363027	1.0	1.0	1.0	1.0	1.0
362559	1.0	1.0	1.0	1.0	1.0
524400	1.0	1.0	1.0	1.0	0.0
189061	1.0	1.0	1.0	0.0	1.0
4469016	1.0	1.0	1.0	1.0	1.0
204512	1.0	0.0	1.0	1.0	1.0
524301	1.0	1.0	1.0	1.0	1.0
189708	1.0	1.0	1.0	0.0	1.0
528631	1.0	0.0	1.0	0.0	1.0
118821	1.0	1.0	1.0	1.0	1.0
197321	1.0	1.0	1.0	0.0	1.0
193515	1.0	1.0	1.0	1.0	1.0
315257	1.0	1.0	1.0	1.0	1.0
3055367	1.0	1.0	1.0	1.0	1.0
531166	1.0	0.0	1.0	0.0	1.0
364711	1.0	1.0	1.0	0.0	1.0
530327	1.0	0.0	1.0	1.0	1.0
1603899	1.0	1.0	0.0	0.0	0.0
214690	1.0	1.0	1.0	1.0	1.0
358641	1.0	0.0	1.0	1.0	1.0
2544615	1.0	1.0	1.0	1.0	1.0
158332	1.0	1.0	1.0	0.0	1.0
525032	1.0	1.0	0.0	0.0	1.0
185390	1.0	1.0	0.0	1.0	1.0
3014404	1.0	0.0	1.0	1.0	1.0
3081140	1.0	1.0	1.0	1.0	1.0
194933	1.0	1.0	1.0	0.0	0.0
341920	1.0	1.0	1.0	1.0	0.0
1647106	1.0	1.0	1.0	1.0	0.0
4327786	1.0	1.0	1.0	0.0	1.0
165926	1.0	1.0	1.0	0.0	1.0
157414	1.0	0.0	1.0	1.0	1.0
3392836	1.0	0.0	1.0	0.0	1.0
4356541	1.0	0.0	1.0	1.0	1.0
179266	1.0	1.0	1.0	1.0	1.0
3177534	1.0	1.0	1.0	0.0	1.0
524095	1.0	1.0	1.0	1.0	1.0
4083235	1.0	0.0	1.0	0.0	1.0
4349237	1.0	1.0	1.0	1.0	1.0
2634759	1.0	0.0	1.0	1.0	1.0
180969	1.0	1.0	1.0	1.0	1.0
1565322	1.0	1.0	1.0	1.0	1.0
365427	1.0	1.0	0.0	1.0	1.0
514546	1.0	0.0	1.0	0.0	1.0
4472787	1.0	1.0	1.0	1.0	0.0
362968	1.0	1.0	1.0	1.0	1.0
359840	1.0	1.0	1.0	1.0	0.0
365787	1.0	0.0	1.0	0.0	0.0
2653100	1.0	0.0	1.0	0.0	1.0
4349687	1.0	1.0	1.0	1.0	1.0
189449	1.0	0.0	1.0	1.0	1.0
176123	1.0	1.0	1.0	1.0	1.0
CP026548.1450162.1451679	1.0	1.0	1.0	1.0	1.0
4327276	1.0	1.0	1.0	1.0	1.0
186809	1.0	0.0	1.0	1.0	1.0
4477291	1.0	1.0	1.0	1.0	0.0
4392487	1.0	0.0	0.0	1.0	0.0
520763	1.0	1.0	1.0	0.0	1.0
4359795	1.0	0.0	1.0	0.0	1.0
157819	1.0	1.0	1.0	1.0	1.0
157206	1.0	1.0	1.0	0.0	1.0
4424039	1.0	0.0	0.0	1.0	0.0
514621	1.0	0.0	1.0	0.0	1.0
4473198	1.0	0.0	1.0	1.0	0.0
517134	1.0	0.0	1.0	0.0	1.0
197808	1.0	0.0	1.0	0.0	1.0
365868	1.0	1.0	1.0	1.0	1.0
2648624	1.0	0.0	1.0	1.0	1.0
189818	1.0	1.0	1.0	1.0	1.0
176841	1.0	1.0	1.0	0.0	1.0
525215	1.0	1.0	1.0	1.0	1.0
177587	1.0	1.0	0.0	0.0	1.0
368013	1.0	1.0	1.0	1.0	1.0
360393	1.0	1.0	1.0	1.0	0.0
531152	1.0	1.0	0.0	1.0	1.0
185322	1.0	0.0	1.0	0.0	1.0
169786	1.0	1.0	0.0	1.0	1.0
191858	1.0	0.0	1.0	0.0	1.0
4391381	1.0	1.0	1.0	1.0	1.0
173039	1.0	1.0	1.0	1.0	1.0
366787	1.0	0.0	1.0	1.0	1.0
512202	1.0	0.0	1.0	1.0	1.0
517184	1.0	1.0	1.0	1.0	1.0
184118	1.0	0.0	1.0	1.0	1.0
512154	1.0	1.0	1.0	0.0	1.0
183780	1.0	1.0	1.0	1.0	1.0
1094954	1.0	0.0	0.0	1.0	0.0
514318	1.0	1.0	1.0	0.0	1.0
2281511	1.0	0.0	0.0	1.0	0.0
4282363	1.0	1.0	1.0	0.0	1.0
522817	1.0	1.0	1.0	1.0	1.0
193761	1.0	1.0	1.0	0.0	1.0
358654	1.0	1.0	0.0	1.0	1.0
188646	1.0	1.0	1.0	1.0	1.0
357370	1.0	1.0	1.0	1.0	1.0
530343	1.0	0.0	1.0	1.0	1.0
850390	1.0	1.0	1.0	1.0	1.0
550753	1.0	1.0	0.0	1.0	0.0
3156519	1.0	1.0	1.0	0.0	1.0
360764	1.0	1.0	1.0	1.0	1.0
366409	1.0	1.0	1.0	0.0	1.0
2713640	1.0	1.0	1.0	0.0	0.0
515263	1.0	1.0	1.0	0.0	0.0
4464124	1.0	1.0	1.0	1.0	1.0
360897	1.0	1.0	1.0	1.0	1.0
188379	1.0	0.0	1.0	1.0	1.0
194836	1.0	0.0	0.0	0.0	0.0
158438	1.0	1.0	1.0	1.0	1.0
4462107	1.0	1.0	1.0	1.0	0.0
1729189	1.0	1.0	1.0	1.0	0.0
4392482	1.0	1.0	1.0	1.0	1.0
193849	1.0	1.0	1.0	1.0	1.0
176932	1.0	1.0	1.0	0.0	1.0
4327099	1.0	1.0	0.0	0.0	0.0
180517	1.0	0.0	1.0	0.0	1.0
529954	1.0	1.0	1.0	1.0	0.0
3949322	1.0	1.0	1.0	0.0	1.0
178415	1.0	1.0	0.0	1.0	0.0
525735	1.0	1.0	1.0	1.0	1.0
3443092	1.0	1.0	1.0	0.0	1.0
1523840	1.0	0.0	0.0	1.0	1.0
3568195	1.0	1.0	1.0	1.0	1.0
527660	1.0	0.0	1.0	0.0	0.0
178743	1.0	1.0	1.0	0.0	1.0
517247	1.0	1.0	1.0	1.0	1.0
1858406	1.0	1.0	1.0	0.0	1.0
2490216	1.0	0.0	1.0	0.0	1.0
180590	1.0	1.0	1.0	1.0	1.0
369723	1.0	1.0	1.0	1.0	1.0
519269	1.0	1.0	0.0	0.0	1.0
520169	1.0	0.0	1.0	0.0	1.0
518372	1.0	1.0	1.0	1.0	1.0
842236	1.0	1.0	1.0	1.0	1.0
184345	1.0	1.0	1.0	0.0	0.0
2461915	1.0	1.0	0.0	1.0	0.0
362363	1.0	1.0	1.0	0.0	1.0
4450605	1.0	0.0	0.0	0.0	0.0
192202	1.0	0.0	1.0	1.0	1.0
308969	1.0	0.0	1.0	1.0	1.0
4386814	1.0	1.0	0.0	1.0	1.0
196536	1.0	0.0	1.0	1.0	1.0
4420845	1.0	1.0	1.0	1.0	0.0
4453380	1.0	1.0	1.0	1.0	1.0
189660	1.0	1.0	0.0	1.0	1.0
1554781	1.0	1.0	1.0	0.0	0.0
196633	1.0	1.0	1.0	0.0	1.0
4347564	1.0	1.0	1.0	0.0	1.0
176907	1.0	1.0	0.0	0.0	0.0
3117237	1.0	0.0	1.0	0.0	1.0
174024	1.0	1.0	1.0	1.0	0.0
185324	1.0	1.0	1.0	1.0	0.0
339087	1.0	1.0	1.0	1.0	0.0
576421	1.0	1.0	1.0	0.0	0.0
181422	1.0	0.0	1.0	0.0	0.0
191041	1.0	1.0	1.0	0.0	0.0
357770	1.0	0.0	1.0	0.0	0.0
187036	1.0	0.0	0.0	1.0	0.0
199007	1.0	1.0	1.0	0.0	1.0
511454	1.0	0.0	1.0	0.0	1.0
367817	1.0	1.0	1.0	0.0	0.0
198085	1.0	1.0	1.0	1.0	0.0
357932	1.0	1.0	1.0	0.0	1.0
183916	1.0	1.0	1.0	1.0	1.0
4387518	1.0	1.0	1.0	0.0	0.0
519312	1.0	0.0	1.0	0.0	0.0
4359748	1.0	0.0	0.0	1.0	1.0
4464222	1.0	0.0	1.0	1.0	0.0
2407287	1.0	1.0	1.0	1.0	0.0
207179	1.0	0.0	1.0	1.0	0.0
4410638	1.0	1.0	1.0	1.0	1.0
519973	1.0	1.0	1.0	1.0	0.0
2110315	1.0	0.0	1.0	1.0	0.0
4399793	1.0	0.0	0.0	1.0	0.0
2288387	1.0	1.0	1.0	1.0	0.0
369741	1.0	0.0	1.0	0.0	0.0
4359216	1.0	1.0	1.0	1.0	0.0
366410	1.0	1.0	1.0	0.0	1.0
700996	1.0	1.0	1.0	1.0	0.0
180806	1.0	0.0	1.0	0.0	0.0
158632	1.0	1.0	1.0	0.0	0.0
365717	1.0	1.0	1.0	0.0	0.0
4428969	1.0	1.0	1.0	1.0	0.0
157838	1.0	1.0	1.0	1.0	1.0
196820	1.0	1.0	1.0	0.0	0.0
1749065	1.0	1.0	0.0	1.0	1.0
360246	1.0	1.0	0.0	0.0	1.0
179394	1.0	1.0	0.0	0.0	1.0
365407	1.0	0.0	1.0	0.0	0.0
363425	1.0	1.0	1.0	0.0	0.0
4478125	1.0	1.0	1.0	0.0	1.0
319275	1.0	1.0	1.0	1.0	0.0
366614	1.0	0.0	1.0	1.0	0.0
71438	1.0	1.0	1.0	0.0	0.0
199278	1.0	0.0	0.0	1.0	1.0
521191	1.0	1.0	1.0	1.0	0.0
4476836	1.0	1.0	1.0	1.0	1.0
1694319	1.0	1.0	1.0	1.0	0.0
187070	1.0	0.0	1.0	1.0	1.0
4398128	1.0	1.0	1.0	1.0	0.0
586756	1.0	0.0	1.0	1.0	1.0
3210506	1.0	1.0	1.0	0.0	0.0
175776	1.0	1.0	1.0	1.0	0.0
4476527	1.0	1.0	1.0	0.0	0.0
520110	1.0	1.0	1.0	1.0	0.0
4358302	1.0	1.0	1.0	1.0	0.0
190471	1.0	1.0	0.0	1.0	0.0
520459	1.0	1.0	1.0	0.0	0.0
190417	1.0	0.0	1.0	0.0	0.0
509521	1.0	1.0	1.0	0.0	0.0
367433	1.0	1.0	1.0	0.0	0.0
509230	1.0	1.0	1.0	0.0	1.0
527158	1.0	1.0	0.0	1.0	0.0
190169	1.0	1.0	1.0	1.0	0.0
177217	1.0	0.0	0.0	0.0	0.0
516541	1.0	1.0	1.0	0.0	1.0
184996	1.0	1.0	0.0	1.0	0.0
2280602	1.0	1.0	0.0	0.0	0.0
522506	1.0	1.0	0.0	0.0	0.0
369607	1.0	1.0	1.0	1.0	0.0
194262	1.0	0.0	1.0	0.0	0.0
4359039	1.0	1.0	1.0	1.0	0.0
517507	1.0	1.0	1.0	0.0	0.0
180255	1.0	0.0	1.0	0.0	0.0
359093	1.0	1.0	0.0	1.0	0.0
525363	1.0	1.0	1.0	1.0	0.0
CP030777.1562113.1563630	1.0	1.0	0.0	1.0	1.0
185443	1.0	0.0	0.0	1.0	0.0
180431	1.0	0.0	0.0	0.0	0.0
189377	1.0	0.0	0.0	1.0	0.0
525266	1.0	0.0	0.0	0.0	1.0
3352106	1.0	0.0	0.0	1.0	0.0
530877	1.0	0.0	1.0	0.0	0.0
525698	1.0	0.0	1.0	0.0	0.0
367417	1.0	0.0	1.0	0.0	0.0
165924	1.0	1.0	1.0	0.0	0.0
51306	1.0	1.0	0.0	0.0	1.0
158631	1.0	1.0	1.0	0.0	1.0
3111389	1.0	0.0	1.0	0.0	1.0
2723504	1.0	1.0	1.0	1.0	1.0
274356	1.0	1.0	1.0	1.0	0.0
193373	1.0	1.0	1.0	0.0	1.0
4201971	1.0	1.0	1.0	1.0	0.0
195103	1.0	0.0	0.0	1.0	1.0
174379	1.0	0.0	1.0	1.0	0.0
3989922	1.0	1.0	0.0	1.0	0.0
158882	1.0	0.0	1.0	1.0	0.0
3430935	1.0	1.0	1.0	1.0	0.0
1104020	1.0	1.0	1.0	0.0	0.0
4372581	1.0	0.0	1.0	1.0	1.0
178189	1.0	1.0	1.0	1.0	0.0
509694	1.0	1.0	1.0	0.0	0.0
340219	1.0	0.0	1.0	1.0	1.0
182986	1.0	0.0	1.0	0.0	0.0
182564	1.0	1.0	1.0	1.0	0.0
186161	1.0	0.0	1.0	0.0	0.0
196638	1.0	1.0	1.0	0.0	0.0
4423372	1.0	1.0	1.0	1.0	0.0
840422	1.0	1.0	0.0	1.0	0.0
1603900	1.0	1.0	1.0	0.0	0.0
521067	1.0	1.0	0.0	0.0	0.0
365904	1.0	0.0	0.0	1.0	0.0
361145	1.0	1.0	0.0	1.0	0.0
2289272	1.0	1.0	1.0	1.0	0.0
359411	1.0	0.0	0.0	1.0	1.0
849311	1.0	0.0	0.0	0.0	0.0
180071	1.0	0.0	1.0	0.0	0.0
526004	1.0	1.0	1.0	1.0	1.0
523328	1.0	1.0	1.0	1.0	1.0
4384583	1.0	1.0	1.0	1.0	1.0
KF374936.1.1410	187.0	275.0	192.0	109.0	423.0
EF036467	194.0	252.0	220.0	100.0	455.0
CP001107.763005.764525	102.0	129.0	73.0	84.0	46.0
CP001107.2162771.2164291	87.0	106.0	75.0	96.0	47.0
L34627	96.0	118.0	72.0	69.0	45.0
NR_074634	81.0	110.0	59.0	79.0	50.0
173820	3.0	0.0	0.0	0.0	0.0
4417185	5.0	0.0	0.0	1.0	0.0
265735	4.0	0.0	0.0	0.0	0.0
1054015	2.0	0.0	1.0	0.0	0.0
359062	2.0	0.0	0.0	0.0	0.0
187152	5.0	0.0	1.0	0.0	0.0
579970	2.0	0.0	1.0	1.0	0.0
589626	2.0	0.0	2.0	1.0	0.0
181978	3.0	0.0	1.0	0.0	1.0
190584	1.0	0.0	1.0	1.0	0.0
586635	2.0	0.0	2.0	0.0	0.0
1017452	2.0	0.0	1.0	1.0	0.0
366606	2.0	0.0	1.0	1.0	1.0
194188	2.0	0.0	1.0	0.0	0.0
365331	1.0	0.0	3.0	1.0	0.0
350407	3.0	0.0	0.0	0.0	0.0
190265	2.0	0.0	1.0	0.0	0.0
365152	5.0	0.0	0.0	1.0	0.0
541784	2.0	0.0	3.0	0.0	0.0
197591	1.0	0.0	3.0	0.0	0.0
197982	2.0	0.0	1.0	0.0	0.0
181024	2.0	1.0	0.0	0.0	0.0
196473	1.0	0.0	1.0	0.0	0.0
359376	2.0	1.0	0.0	0.0	0.0
361159	2.0	1.0	2.0	1.0	0.0
273232	1.0	0.0	1.0	0.0	0.0
176005	2.0	0.0	2.0	0.0	0.0
359766	3.0	0.0	1.0	0.0	0.0
364035	4.0	0.0	0.0	0.0	0.0
363243	1.0	0.0	0.0	1.0	0.0
556939	4.0	0.0	0.0	0.0	0.0
294481	2.0	0.0	1.0	0.0	1.0
568150	2.0	1.0	0.0	0.0	0.0
357092	2.0	0.0	1.0	0.0	1.0
349435	2.0	0.0	1.0	0.0	0.0
296604	2.0	0.0	3.0	0.0	0.0
AY271254	1.0	1.0	2.0	1.0	0.0
361231	2.0	0.0	0.0	0.0	1.0
543645	2.0	0.0	1.0	0.0	0.0
190702	2.0	0.0	1.0	1.0	0.0
261401	3.0	0.0	2.0	0.0	0.0
199722	4.0	1.0	0.0	1.0	0.0
290102	1.0	0.0	2.0	0.0	0.0
263631	2.0	0.0	1.0	0.0	0.0
926221	2.0	0.0	2.0	0.0	1.0
593893	2.0	0.0	1.0	0.0	0.0
581835	4.0	1.0	0.0	0.0	0.0
193381	1.0	0.0	0.0	0.0	0.0
592323	2.0	0.0	0.0	0.0	0.0
180110	2.0	1.0	0.0	1.0	0.0
368699	1.0	0.0	3.0	0.0	0.0
369840	1.0	0.0	2.0	1.0	0.0
358757	2.0	0.0	3.0	1.0	0.0
267180	4.0	0.0	2.0	0.0	0.0
537012	4.0	0.0	2.0	0.0	0.0
568909	3.0	0.0	0.0	0.0	0.0
3760917	1.0	0.0	0.0	0.0	0.0
337397	4.0	1.0	2.0	1.0	0.0
176940	1.0	0.0	1.0	1.0	0.0
336632	1.0	0.0	0.0	0.0	1.0
592817	2.0	0.0	0.0	0.0	0.0
579826	3.0	0.0	4.0	0.0	0.0
589487	2.0	0.0	2.0	1.0	0.0
357951	3.0	1.0	1.0	1.0	0.0
577661	2.0	0.0	2.0	1.0	0.0
180127	2.0	0.0	2.0	0.0	0.0
193495	2.0	0.0	0.0	0.0	0.0
234298	3.0	0.0	2.0	0.0	0.0
593998	1.0	0.0	0.0	0.0	0.0
177858	2.0	1.0	0.0	0.0	0.0
4335320	1.0	1.0	0.0	1.0	0.0
258255	3.0	0.0	1.0	0.0	0.0
359495	2.0	0.0	0.0	1.0	0.0
588471	2.0	1.0	0.0	0.0	0.0
179814	2.0	0.0	0.0	1.0	0.0
264713	2.0	0.0	4.0	1.0	0.0
580849	4.0	1.0	2.0	0.0	0.0
562137	2.0	0.0	0.0	0.0	1.0
179446	2.0	0.0	3.0	1.0	0.0
NR_074436	2.0	0.0	0.0	0.0	1.0
584653	2.0	0.0	0.0	0.0	1.0
193829	2.0	0.0	1.0	0.0	0.0
2816368	3.0	0.0	0.0	0.0	0.0
587822	2.0	0.0	1.0	1.0	0.0
561756	2.0	0.0	0.0	0.0	0.0
559584	3.0	0.0	1.0	1.0	0.0
182771	3.0	1.0	0.0	1.0	0.0
588996	1.0	1.0	0.0	1.0	0.0
966981	3.0	0.0	3.0	1.0	0.0
361384	2.0	0.0	1.0	0.0	1.0
272463	1.0	0.0	0.0	0.0	0.0
358415	1.0	0.0	2.0	1.0	0.0
575256	1.0	0.0	1.0	0.0	0.0
179166	1.0	0.0	0.0	0.0	0.0
594106	1.0	1.0	2.0	0.0	0.0
4306262	1.0	0.0	0.0	0.0	0.0
271084	5.0	0.0	1.0	1.0	0.0
364334	1.0	0.0	2.0	0.0	0.0
193108	2.0	0.0	1.0	0.0	0.0
554743	3.0	0.0	1.0	0.0	0.0
561627	1.0	0.0	2.0	0.0	0.0
214443	3.0	0.0	0.0	0.0	0.0
186868	1.0	0.0	2.0	0.0	0.0
361853	3.0	0.0	0.0	1.0	0.0
593043	3.0	0.0	0.0	0.0	0.0
182004	1.0	0.0	4.0	1.0	0.0
299518	3.0	1.0	1.0	0.0	0.0
369760	4.0	0.0	2.0	1.0	0.0
186178	3.0	0.0	0.0	0.0	0.0
2930682	1.0	0.0	1.0	0.0	0.0
358526	1.0	1.0	3.0	0.0	0.0
358694	2.0	0.0	1.0	0.0	0.0
334803	2.0	0.0	0.0	1.0	0.0
185186	3.0	0.0	1.0	0.0	1.0
293077	2.0	0.0	1.0	0.0	0.0
181612	1.0	0.0	1.0	0.0	0.0
188638	1.0	0.0	1.0	1.0	1.0
370180	1.0	0.0	2.0	1.0	0.0
368810	2.0	0.0	0.0	1.0	0.0
194159	1.0	0.0	1.0	0.0	0.0
195107	2.0	1.0	0.0	0.0	0.0
197389	2.0	0.0	1.0	1.0	0.0
360750	2.0	0.0	3.0	0.0	0.0
592936	2.0	0.0	0.0	1.0	0.0
183323	2.0	0.0	0.0	0.0	0.0
587358	2.0	0.0	1.0	1.0	0.0
197974	2.0	0.0	3.0	0.0	0.0
174337	1.0	0.0	2.0	1.0	1.0
182176	3.0	1.0	0.0	0.0	0.0
232921	1.0	0.0	0.0	1.0	0.0
550767	2.0	1.0	2.0	0.0	1.0
1053854	1.0	0.0	2.0	0.0	1.0
366995	1.0	0.0	2.0	0.0	0.0
193939	1.0	0.0	0.0	0.0	0.0
260554	1.0	0.0	4.0	0.0	1.0
300180	1.0	0.0	0.0	0.0	0.0
577568	2.0	0.0	0.0	0.0	0.0
191258	1.0	0.0	0.0	1.0	0.0
2740622	2.0	0.0	1.0	0.0	0.0
363731	1.0	0.0	1.0	0.0	0.0
548475	1.0	0.0	0.0	0.0	0.0
551161	1.0	1.0	1.0	1.0	0.0
591570	1.0	0.0	2.0	1.0	0.0
260687	2.0	0.0	2.0	0.0	0.0
542444	1.0	0.0	0.0	0.0	0.0
192963	2.0	0.0	0.0	1.0	0.0
194142	1.0	0.0	1.0	0.0	0.0
4348519	1.0	0.0	0.0	0.0	0.0
302650	1.0	0.0	2.0	0.0	0.0
181280	1.0	0.0	1.0	0.0	1.0
570491	2.0	0.0	1.0	0.0	0.0
177459	1.0	0.0	0.0	0.0	0.0
186705	1.0	0.0	0.0	0.0	0.0
924919	1.0	1.0	3.0	0.0	0.0
361582	1.0	0.0	0.0	1.0	0.0
X83953	72.0	26.0	7.0	5.0	8.0
ABFZ02000010.54.1555	44.0	37.0	16.0	6.0	6.0
NR_112943	55.0	43.0	3.0	12.0	9.0
ABFZ02000011.1.1404	59.0	38.0	3.0	3.0	6.0
EU136684.1.1926	66.0	35.0	8.0	5.0	8.0
15712	85.0	20.0	16.0	14.0	13.0
NR_113243	97.0	25.0	18.0	9.0	7.0
X73440	104.0	18.0	14.0	11.0	23.0
362329	8.0	11.0	12.0	8.0	6.0
594381	7.0	8.0	5.0	4.0	4.0
366500	4.0	10.0	6.0	8.0	6.0
344313	10.0	14.0	10.0	10.0	3.0
365139	10.0	15.0	9.0	13.0	6.0
368173	8.0	10.0	7.0	7.0	6.0
366036	6.0	11.0	8.0	7.0	3.0
358293	5.0	12.0	6.0	8.0	5.0
583562	7.0	12.0	6.0	11.0	3.0
3239783	11.0	9.0	3.0	4.0	6.0
192515	8.0	9.0	6.0	8.0	7.0
163799	9.0	9.0	8.0	9.0	1.0
301256	4.0	14.0	5.0	9.0	7.0
4374175	6.0	10.0	5.0	8.0	5.0
362938	5.0	4.0	5.0	6.0	1.0
4452049	9.0	9.0	2.0	11.0	2.0
4470457	4.0	8.0	6.0	7.0	7.0
165753	6.0	7.0	7.0	11.0	3.0
527332	10.0	9.0	9.0	11.0	5.0
369612	5.0	10.0	5.0	7.0	8.0
357724	4.0	7.0	5.0	9.0	7.0
368139	4.0	6.0	4.0	3.0	1.0
170253	4.0	8.0	9.0	12.0	6.0
366195	4.0	12.0	9.0	4.0	4.0
369602	4.0	10.0	8.0	4.0	12.0
366919	7.0	6.0	4.0	8.0	5.0
364676	6.0	5.0	4.0	4.0	9.0
364665	4.0	10.0	6.0	7.0	5.0
363267	6.0	13.0	7.0	8.0	3.0
182181	5.0	14.0	8.0	10.0	3.0
290018	3.0	7.0	5.0	10.0	2.0
L76600	3.0	7.0	5.0	9.0	6.0
4479171	5.0	10.0	4.0	11.0	5.0
337339	5.0	6.0	6.0	7.0	7.0
363923	1.0	8.0	6.0	13.0	3.0
176894	3.0	8.0	10.0	10.0	4.0
171749	2.0	4.0	3.0	7.0	4.0
363996	1.0	5.0	7.0	12.0	5.0
4369264	4.0	1.0	1.0	1.0	2.0
843653	2.0	1.0	2.0	1.0	1.0
1680440	4.0	2.0	3.0	1.0	3.0
3529331	2.0	1.0	2.0	1.0	4.0
4398135	1.0	3.0	2.0	1.0	3.0
183244	1.0	1.0	2.0	1.0	3.0
4387927	1.0	1.0	1.0	1.0	2.0
3695679	1.0	1.0	1.0	1.0	3.0
163200	1.0	1.0	1.0	1.0	3.0
303877	3.0	4.0	6.0	1.0	0.0
578016	2.0	0.0	0.0	1.0	2.0
4346280	2.0	0.0	0.0	1.0	3.0
198190	4.0	0.0	1.0	1.0	4.0
841350	4.0	2.0	2.0	1.0	3.0
1025011	1.0	2.0	4.0	1.0	4.0
570438	1.0	1.0	3.0	1.0	0.0
AB238927.1.1486	1.0	2.0	2.0	1.0	0.0
3148387	5.0	2.0	4.0	0.0	5.0
3094735	2.0	6.0	4.0	1.0	0.0
842676	3.0	1.0	0.0	1.0	3.0
186233	2.0	0.0	0.0	1.0	0.0
1758360	1.0	0.0	0.0	1.0	0.0
842171	2.0	1.0	0.0	1.0	0.0
4206904	1.0	2.0	1.0	1.0	3.0
578014	4.0	1.0	1.0	1.0	4.0
2414136	2.0	1.0	2.0	1.0	2.0
2309802	6.0	1.0	0.0	1.0	2.0
4374084	3.0	1.0	1.0	1.0	3.0
585914	3.0	0.0	0.0	1.0	1.0
552528	3.0	4.0	6.0	1.0	3.0
583935	2.0	1.0	2.0	1.0	4.0
2750321	4.0	0.0	2.0	0.0	2.0
4138125	2.0	1.0	3.0	1.0	3.0
4212519	2.0	2.0	1.0	1.0	3.0
846317	2.0	1.0	0.0	1.0	2.0
4450711	2.0	0.0	0.0	1.0	1.0
4372130	2.0	1.0	2.0	1.0	1.0
2792490	1.0	0.0	1.0	0.0	4.0
161238	2.0	0.0	0.0	1.0	0.0
2133326	1.0	1.0	1.0	0.0	5.0
4347348	1.0	1.0	0.0	1.0	4.0
4176782	2.0	1.0	0.0	1.0	4.0
2279752	1.0	0.0	2.0	1.0	2.0
3413254	1.0	0.0	1.0	0.0	3.0
843753	4.0	2.0	2.0	0.0	2.0
845252	1.0	2.0	4.0	1.0	3.0
4380875	1.0	3.0	2.0	1.0	1.0
1550523	1.0	0.0	3.0	1.0	5.0
841116	3.0	1.0	4.0	1.0	3.0
205878	1.0	1.0	0.0	1.0	1.0
KR364782.1.1484	2.0	1.0	1.0	1.0	2.0
211856	2.0	0.0	0.0	1.0	1.0
369714	2.0	1.0	1.0	1.0	3.0
1876119	1.0	1.0	0.0	1.0	5.0
169032	2.0	1.0	1.0	1.0	4.0
179157	1.0	0.0	1.0	0.0	1.0
4427847	1.0	1.0	0.0	1.0	1.0
1790401	1.0	1.0	2.0	0.0	3.0
3663067	2.0	1.0	0.0	1.0	3.0
4436470	4.0	0.0	1.0	1.0	1.0
182018	1.0	0.0	0.0	1.0	3.0
AB238924.1.1486	1.0	1.0	5.0	1.0	3.0
2830180	3.0	4.0	5.0	1.0	1.0
174842	1.0	0.0	1.0	1.0	4.0
4414416	1.0	1.0	2.0	1.0	3.0
564140	2.0	1.0	2.0	0.0	6.0
4347611	2.0	1.0	0.0	1.0	3.0
4349503	2.0	3.0	5.0	1.0	2.0
AB238922	1.0	1.0	1.0	1.0	1.0
335612	3.0	3.0	2.0	1.0	1.0
344999	2.0	0.0	1.0	1.0	1.0
3609575	3.0	3.0	1.0	0.0	3.0
4440268	1.0	3.0	2.0	1.0	3.0
263210	2.0	0.0	0.0	1.0	3.0
4448880	2.0	1.0	0.0	1.0	1.0
4383353	2.0	1.0	2.0	1.0	1.0
584317	1.0	0.0	0.0	0.0	4.0
2211997	1.0	1.0	0.0	1.0	1.0
4413620	1.0	1.0	0.0	1.0	3.0
577294	1.0	0.0	1.0	1.0	2.0
4362935	4.0	1.0	1.0	1.0	4.0
3481733	1.0	1.0	2.0	1.0	1.0
4453667	1.0	2.0	1.0	1.0	1.0
2364699	1.0	3.0	2.0	1.0	3.0
4478087	1.0	1.0	3.0	0.0	4.0
4333590	1.0	0.0	1.0	1.0	4.0
3530694	1.0	1.0	1.0	1.0	3.0
3275938	1.0	4.0	5.0	1.0	1.0
291090	1.0	1.0	2.0	1.0	2.0
4305271	1.0	2.0	0.0	0.0	2.0
342104	3.0	0.0	2.0	1.0	4.0
4212521	1.0	0.0	1.0	1.0	3.0
4365130	1.0	0.0	1.0	1.0	1.0
586516	2.0	0.0	1.0	1.0	2.0
2091514	1.0	2.0	3.0	1.0	0.0
3876919	1.0	1.0	1.0	1.0	1.0
843727	2.0	0.0	0.0	1.0	1.0
3307435	1.0	0.0	1.0	1.0	3.0
556169	1.0	2.0	0.0	1.0	4.0
582196	1.0	1.0	1.0	1.0	6.0
175171	1.0	1.0	1.0	1.0	2.0
763583	1.0	1.0	3.0	1.0	4.0
4144592	1.0	3.0	0.0	1.0	5.0
4333379	1.0	1.0	2.0	1.0	1.0
2772147	1.0	0.0	2.0	1.0	3.0
167029	1.0	0.0	0.0	0.0	2.0
2497335	1.0	2.0	2.0	1.0	2.0
360491	1.0	1.0	0.0	1.0	4.0
177313	1.0	0.0	0.0	1.0	1.0
2823384	1.0	1.0	0.0	1.0	2.0
AB238923.1.1486	1.0	3.0	2.0	1.0	3.0
L16465	106.0	42.0	0.0	81.0	24.0
NR_113099	77.0	36.0	0.0	87.0	20.0
HF545616.164905.166411	166.0	110.0	82.0	145.0	82.0
HM037995	165.0	70.0	87.0	140.0	156.0
CP012098.2252006.2253546	20.0	35.0	14.0	37.0	39.0
CP012098.357627.359167	25.0	47.0	16.0	33.0	46.0
FR749932	26.0	45.0	16.0	26.0	48.0
CP012098.1525.3045	31.0	33.0	9.0	27.0	33.0
FR749934	25.0	51.0	19.0	35.0	38.0
CYZM01000020.534.2044	35.0	35.0	11.0	32.0	48.0
CP001104.872242.873760	28.0	50.0	41.0	48.0	59.0
CP001104.15561.17079	30.0	52.0	44.0	34.0	50.0
CP001104.413153.414672	34.0	60.0	39.0	40.0	36.0
CP001104.697435.698953	33.0	45.0	31.0	34.0	25.0
AJ312385	124.0	147.0	224.0	397.0	287.0
LT907978.166598.168115	37.0	6.0	21.0	15.0	43.0
ACEP01000116.1.1424	40.0	5.0	21.0	35.0	41.0
LT907978.10744.12262	45.0	4.0	23.0	27.0	33.0
CP008741.2636685.2638227	22.0	38.0	44.0	25.0	14.0
CP008741.4730397.4731935	32.0	32.0	40.0	27.0	13.0
CP009057.4969468.4971009	26.0	42.0	51.0	29.0	19.0
AB242142	16.0	29.0	42.0	21.0	21.0
LC033790.1.1504	19.0	27.0	37.0	17.0	20.0
NZ_JAAITS010000136.1	113.0	139.0	131.0	121.0	92.0
AB698910	112.0	129.0	131.0	128.0	130.0
263327	1.0	1.0	1.0	0.0	0.0
97294	1.0	0.0	0.0	0.0	0.0
264248	1.0	1.0	0.0	0.0	0.0
195470	1.0	0.0	0.0	0.0	0.0
304103	1.0	1.0	1.0	0.0	0.0
263737	1.0	0.0	0.0	1.0	0.0
182293	1.0	0.0	0.0	0.0	0.0
4369812	1.0	0.0	0.0	0.0	0.0
306480	1.0	0.0	0.0	0.0	1.0
372770	1.0	0.0	0.0	0.0	0.0
267335	1.0	0.0	0.0	0.0	0.0
267298	1.0	0.0	0.0	0.0	1.0
260088	1.0	1.0	1.0	0.0	0.0
2216521	1.0	1.0	1.0	0.0	1.0
4471130	1.0	0.0	0.0	1.0	0.0
4420173	1.0	0.0	0.0	1.0	0.0
295782	1.0	0.0	0.0	0.0	1.0
3156520	1.0	0.0	0.0	0.0	0.0
182882	1.0	0.0	0.0	0.0	0.0
261720	1.0	0.0	0.0	0.0	0.0
181683	1.0	1.0	0.0	0.0	0.0
259781	1.0	0.0	0.0	1.0	0.0
292294	1.0	1.0	1.0	1.0	1.0
449417	1.0	1.0	0.0	1.0	0.0
361624	1.0	1.0	1.0	1.0	1.0
275034	1.0	0.0	0.0	1.0	0.0
272907	1.0	0.0	0.0	0.0	0.0
1758074	1.0	0.0	0.0	0.0	1.0
1111191	1.0	0.0	0.0	0.0	0.0
2134884	1.0	1.0	0.0	1.0	1.0
4481420	1.0	0.0	0.0	0.0	0.0
193358	1.0	0.0	0.0	1.0	0.0
270758	1.0	0.0	0.0	0.0	0.0
263372	1.0	0.0	0.0	0.0	0.0
266948	1.0	1.0	1.0	0.0	0.0
165146	1.0	0.0	0.0	1.0	0.0
198690	1.0	0.0	0.0	0.0	1.0
562693	1.0	1.0	1.0	0.0	0.0
259379	1.0	0.0	0.0	0.0	0.0
274317	1.0	1.0	1.0	0.0	1.0
4385577	1.0	0.0	1.0	0.0	1.0
263179	1.0	1.0	1.0	1.0	0.0
4390341	1.0	0.0	0.0	0.0	1.0
174676	1.0	0.0	0.0	0.0	0.0
3641041	1.0	1.0	1.0	0.0	1.0
4429455	1.0	0.0	0.0	1.0	0.0
4356342	1.0	0.0	0.0	0.0	1.0
260401	1.0	0.0	0.0	1.0	0.0
262537	1.0	1.0	1.0	0.0	0.0
4362940	1.0	1.0	1.0	0.0	0.0
2565881	1.0	0.0	0.0	0.0	0.0
262825	1.0	1.0	1.0	0.0	0.0
4366854	1.0	1.0	0.0	0.0	1.0
270041	1.0	0.0	0.0	1.0	0.0
186441	1.0	1.0	1.0	1.0	0.0
188039	1.0	0.0	0.0	1.0	0.0
410710	1.0	1.0	1.0	0.0	0.0
175371	1.0	0.0	0.0	0.0	1.0
4407301	1.0	0.0	0.0	0.0	1.0
167910	1.0	1.0	0.0	0.0	0.0
191246	1.0	0.0	0.0	1.0	1.0
276260	1.0	0.0	0.0	0.0	1.0
2281172	1.0	0.0	0.0	0.0	0.0
183428	1.0	0.0	0.0	0.0	0.0
4339978	1.0	0.0	0.0	0.0	0.0
174314	1.0	0.0	0.0	0.0	0.0
260505	1.0	1.0	1.0	1.0	0.0
2901239	1.0	1.0	0.0	0.0	0.0
4426051	1.0	0.0	0.0	0.0	0.0
190908	1.0	1.0	1.0	0.0	0.0
318182	1.0	0.0	0.0	1.0	0.0
270065	1.0	0.0	0.0	0.0	0.0
1764594	1.0	0.0	0.0	1.0	0.0
4381759	1.0	0.0	0.0	0.0	0.0
318596	1.0	0.0	1.0	0.0	0.0
555873	1.0	0.0	0.0	0.0	0.0
178851	1.0	0.0	0.0	0.0	0.0
360015	1.0	0.0	0.0	1.0	1.0
4390754	1.0	0.0	0.0	0.0	0.0
586030	1.0	1.0	0.0	1.0	0.0
4248867	1.0	0.0	0.0	0.0	1.0
4364241	1.0	0.0	0.0	1.0	0.0
2464259	1.0	0.0	0.0	0.0	0.0
271590	1.0	0.0	0.0	0.0	0.0
176308	1.0	0.0	0.0	0.0	0.0
4395465	1.0	0.0	0.0	0.0	0.0
FJUS01000004.641468.642981	1.0	0.0	0.0	0.0	0.0
185338	1.0	1.0	1.0	0.0	0.0
359412	1.0	0.0	0.0	1.0	0.0
180221	1.0	0.0	0.0	0.0	0.0
4316995	1.0	0.0	0.0	0.0	0.0
263794	1.0	0.0	0.0	1.0	0.0
192774	1.0	0.0	0.0	0.0	1.0
4471604	1.0	0.0	0.0	1.0	0.0
187041	1.0	0.0	1.0	0.0	0.0
170056	1.0	0.0	0.0	0.0	0.0
264054	1.0	0.0	0.0	0.0	0.0
266946	1.0	1.0	1.0	0.0	0.0
259302	1.0	0.0	0.0	0.0	0.0
261010	1.0	1.0	1.0	0.0	0.0
4414240	1.0	1.0	1.0	1.0	0.0
335701	1.0	1.0	0.0	0.0	0.0
4478512	1.0	0.0	0.0	0.0	1.0
261918	1.0	0.0	0.0	1.0	0.0
348642	1.0	0.0	0.0	0.0	0.0
185294	1.0	0.0	0.0	0.0	0.0
3433843	1.0	0.0	0.0	0.0	0.0
4481042	1.0	0.0	0.0	0.0	0.0
Z49863	48.0	92.0	48.0	72.0	70.0
FQXV01000034.14.1409	54.0	77.0	29.0	76.0	65.0
NR_114315	49.0	45.0	51.0	48.0	43.0
AJ133124	52.0	54.0	51.0	63.0	61.0
AY724678	28.0	14.0	28.0	11.0	18.0
GU968170.1.1471	20.0	18.0	27.0	12.0	15.0
MH282448.1.1412	19.0	19.0	19.0	15.0	14.0
CP015406.1079531.1081069	22.0	16.0	30.0	4.0	19.0
GU562446	89.0	116.0	130.0	105.0	84.0
178599	2.0	3.0	1.0	1.0	6.0
4423384	5.0	1.0	1.0	0.0	3.0
527824	1.0	1.0	1.0	3.0	4.0
524219	2.0	4.0	1.0	2.0	3.0
182519	2.0	0.0	0.0	2.0	1.0
190721	1.0	0.0	1.0	2.0	5.0
366345	2.0	1.0	0.0	0.0	1.0
AY169424.1.1486	4.0	0.0	1.0	2.0	1.0
364824	1.0	0.0	1.0	1.0	3.0
360328	3.0	4.0	1.0	3.0	0.0
514086	2.0	2.0	1.0	2.0	4.0
191509	1.0	1.0	1.0	3.0	1.0
1005842	1.0	1.0	1.0	3.0	0.0
527845	2.0	2.0	1.0	5.0	2.0
196630	3.0	0.0	0.0	2.0	0.0
362541	1.0	0.0	1.0	4.0	4.0
180797	1.0	2.0	1.0	0.0	1.0
CYZD01000006.695.2145	2.0	2.0	1.0	3.0	2.0
186988	2.0	0.0	0.0	4.0	4.0
178566	2.0	0.0	1.0	4.0	1.0
359930	4.0	2.0	1.0	1.0	3.0
192362	3.0	2.0	1.0	1.0	3.0
168260	2.0	3.0	1.0	1.0	2.0
409732	2.0	2.0	1.0	2.0	1.0
194912	1.0	1.0	1.0	2.0	1.0
363638	2.0	1.0	1.0	3.0	1.0
180162	2.0	1.0	1.0	2.0	1.0
176799	3.0	1.0	1.0	3.0	3.0
186568	1.0	1.0	1.0	1.0	2.0
194162	2.0	1.0	1.0	2.0	2.0
364910	1.0	1.0	0.0	1.0	2.0
528606	3.0	1.0	1.0	2.0	0.0
1830585	2.0	1.0	1.0	6.0	0.0
582579	1.0	1.0	1.0	3.0	1.0
181791	1.0	0.0	1.0	0.0	2.0
519441	2.0	1.0	1.0	2.0	2.0
531937	2.0	0.0	1.0	3.0	0.0
188515	2.0	0.0	1.0	2.0	0.0
189158	1.0	1.0	1.0	2.0	1.0
526805	1.0	1.0	1.0	0.0	0.0
364536	1.0	0.0	0.0	2.0	2.0
3866009	1.0	1.0	1.0	1.0	2.0
175354	1.0	2.0	1.0	0.0	3.0
179005	1.0	3.0	1.0	2.0	1.0
517148	1.0	1.0	1.0	0.0	0.0
359053	1.0	3.0	1.0	4.0	1.0
585346	1.0	2.0	0.0	1.0	2.0
175248	1.0	1.0	1.0	1.0	1.0
193209	1.0	2.0	1.0	0.0	2.0
X85101	1.0	2.0	1.0	3.0	4.0
AAVP02000029.271.1782	85.0	63.0	102.0	76.0	40.0
NR_113077	45.0	36.0	45.0	29.0	20.0
AB331896	37.0	52.0	40.0	55.0	20.0
ABEZ02000015.506.1996	30.0	12.0	13.0	11.0	4.0
AY438672	36.0	9.0	18.0	12.0	5.0
ABEZ02000021.84162.85652	15.0	13.0	11.0	13.0	7.0
AB370250	80.0	51.0	59.0	26.0	30.0
EF031542	76.0	70.0	84.0	82.0	125.0
AB238928	30.0	68.0	125.0	21.0	25.0
AY169416.1.1303	17.0	81.0	101.0	18.0	27.0
NR_119166	27.0	87.0	108.0	30.0	13.0
CQ889265.1.1477	70.0	106.0	60.0	85.0	76.0
MG963288	69.0	69.0	77.0	71.0	54.0
366398	3.0	1.0	8.0	1.0	1.0
559667	4.0	1.0	6.0	1.0	3.0
360646	4.0	1.0	9.0	1.0	0.0
4446754	2.0	1.0	5.0	1.0	1.0
850329	1.0	1.0	6.0	1.0	1.0
3929766	2.0	1.0	10.0	0.0	1.0
313756	1.0	1.0	7.0	1.0	1.0
3825890	3.0	1.0	9.0	1.0	1.0
320120	1.0	1.0	5.0	1.0	1.0
118105	3.0	1.0	11.0	0.0	1.0
3827315	1.0	1.0	7.0	1.0	0.0
4413340	2.0	1.0	2.0	1.0	3.0
368776	1.0	1.0	7.0	1.0	2.0
191618	1.0	1.0	6.0	1.0	0.0
4428929	2.0	1.0	9.0	0.0	0.0
2329112	2.0	1.0	0.0	1.0	2.0
344683	3.0	1.0	7.0	0.0	0.0
579112	2.0	1.0	6.0	1.0	2.0
193528	2.0	1.0	8.0	0.0	1.0
342294	1.0	1.0	7.0	1.0	0.0
4369816	1.0	1.0	6.0	1.0	1.0
4479977	1.0	1.0	11.0	1.0	1.0
2127580	1.0	1.0	8.0	1.0	2.0
3929758	2.0	1.0	5.0	1.0	1.0
X83951	2.0	1.0	12.0	0.0	3.0
3765185	1.0	1.0	8.0	1.0	0.0
2640061	2.0	1.0	7.0	1.0	0.0
4474055	1.0	1.0	9.0	1.0	2.0
3362951	1.0	1.0	8.0	1.0	2.0
312089	1.0	1.0	5.0	1.0	3.0
4391048	1.0	1.0	8.0	0.0	2.0
4413775	2.0	1.0	5.0	1.0	0.0
1906635	1.0	1.0	9.0	1.0	0.0
1826303	1.0	1.0	4.0	1.0	0.0
3515488	1.0	1.0	4.0	1.0	1.0
4410298	1.0	1.0	5.0	1.0	0.0
184567	1.0	1.0	5.0	0.0	0.0
4440109	1.0	1.0	11.0	0.0	1.0
322658	1.0	1.0	5.0	1.0	0.0
578788	1.0	1.0	6.0	1.0	4.0
AJ270473	28.0	61.0	18.0	36.0	21.0
208944	36.0	43.0	22.0	50.0	20.0
CP020991.1012661.1014179	30.0	29.0	27.0	35.0	22.0
KY978733	32.0	28.0	28.0	35.0	26.0
X73443	60.0	16.0	30.0	0.0	30.0
292640	1.0	0.0	0.0	1.0	0.0
298841	1.0	0.0	0.0	1.0	0.0
4404826	1.0	0.0	1.0	1.0	1.0
843618	1.0	0.0	0.0	0.0	1.0
519417	1.0	1.0	0.0	1.0	1.0
525178	1.0	0.0	0.0	1.0	1.0
328035	1.0	1.0	0.0	1.0	0.0
509109	1.0	0.0	0.0	1.0	0.0
530447	1.0	1.0	0.0	1.0	0.0
4412255	1.0	0.0	0.0	1.0	0.0
196481	1.0	1.0	0.0	1.0	1.0
195099	1.0	0.0	1.0	1.0	1.0
532396	1.0	0.0	0.0	1.0	1.0
4406933	1.0	1.0	1.0	1.0	1.0
348612	1.0	0.0	0.0	1.0	1.0
524891	1.0	0.0	0.0	0.0	0.0
519797	1.0	1.0	0.0	1.0	1.0
195732	1.0	1.0	0.0	1.0	1.0
846333	1.0	1.0	0.0	1.0	1.0
261330	1.0	1.0	0.0	1.0	0.0
335566	1.0	1.0	0.0	1.0	1.0
845377	1.0	1.0	0.0	1.0	1.0
323239	1.0	0.0	0.0	1.0	1.0
522364	1.0	0.0	0.0	1.0	0.0
188652	1.0	0.0	0.0	1.0	0.0
183282	1.0	0.0	0.0	1.0	1.0
532413	1.0	1.0	0.0	1.0	1.0
524963	1.0	1.0	1.0	1.0	0.0
302285	1.0	0.0	0.0	1.0	0.0
529185	1.0	1.0	0.0	1.0	1.0
839972	1.0	1.0	0.0	1.0	1.0
515712	1.0	0.0	0.0	1.0	1.0
3189210	1.0	1.0	0.0	1.0	1.0
2550241	1.0	0.0	0.0	1.0	1.0
526171	1.0	1.0	1.0	0.0	0.0
582888	1.0	0.0	0.0	1.0	1.0
521157	1.0	1.0	0.0	1.0	1.0
532477	1.0	1.0	0.0	1.0	1.0
520780	1.0	0.0	0.0	1.0	1.0
527286	1.0	0.0	0.0	1.0	1.0
4307105	1.0	0.0	0.0	1.0	0.0
181539	1.0	0.0	0.0	1.0	1.0
510416	1.0	0.0	0.0	1.0	0.0
519768	1.0	1.0	0.0	0.0	1.0
531381	1.0	0.0	1.0	1.0	0.0
192723	1.0	0.0	0.0	1.0	0.0
196296	1.0	1.0	0.0	1.0	0.0
517558	1.0	0.0	0.0	1.0	0.0
189284	1.0	1.0	0.0	1.0	1.0
AB064923	1.0	0.0	0.0	0.0	0.0
512752	1.0	0.0	0.0	1.0	0.0
528116	1.0	0.0	0.0	1.0	0.0
4305534	1.0	0.0	0.0	1.0	1.0
510703	1.0	1.0	0.0	1.0	0.0
511028	1.0	1.0	0.0	1.0	1.0
844305	1.0	0.0	0.0	0.0	1.0
X72865	54.0	42.0	58.0	29.0	22.0
KF447772	52.0	46.0	60.0	33.0	45.0
L16476	26.0	2.0	0.0	28.0	4.0
NR_113098	26.0	3.0	0.0	32.0	8.0
AJ867049	27.0	28.0	28.0	32.0	25.0
U82813.1.1467	23.0	31.0	42.0	19.0	31.0
AB370251	49.0	46.0	75.0	43.0	46.0
KX025135.1.1430	25.0	41.0	45.0	22.0	17.0
KX025134	23.0	33.0	50.0	35.0	15.0
CP003058.120458.121946	20.0	33.0	17.0	20.0	44.0
AF473835	26.0	53.0	19.0	40.0	38.0
AB531489	27.0	14.0	24.0	17.0	18.0
NR_113072	19.0	15.0	24.0	25.0	7.0
LT576393.1.1492	45.0	72.0	31.0	50.0	39.0
KR364746	45.0	23.0	6.0	32.0	33.0
AJ518874.1.1465	12.0	18.0	4.0	8.0	9.0
NR_113150	10.0	9.0	11.0	7.0	8.0
NR_115300	13.0	13.0	10.0	12.0	9.0
AY643083	9.0	14.0	7.0	9.0	9.0
KM098109	43.0	39.0	67.0	42.0	71.0
HZ405976.1.1423	8.0	1.0	4.0	1.0	4.0
ADLN01000129.202.1639	10.0	8.0	13.0	1.0	2.0
CYZE01000004.470365.471876	6.0	3.0	11.0	1.0	5.0
205916	6.0	9.0	4.0	1.0	5.0
1707496	7.0	5.0	8.0	1.0	8.0
AJ311620	5.0	3.0	6.0	1.0	4.0
X94965	18.0	38.0	31.0	41.0	41.0
X94964	23.0	45.0	32.0	48.0	48.0
AY362904.1.1362	23.0	41.0	9.0	21.0	7.0
L06082	16.0	27.0	12.0	23.0	12.0
332450	3.0	10.0	4.0	3.0	3.0
631989	3.0	10.0	2.0	10.0	2.0
359800	2.0	8.0	2.0	6.0	3.0
359993	3.0	10.0	4.0	6.0	1.0
193160	3.0	12.0	3.0	5.0	5.0
216903	4.0	10.0	6.0	7.0	1.0
EF031543	2.0	6.0	3.0	5.0	1.0
452592	3.0	14.0	1.0	9.0	1.0
592980	3.0	12.0	5.0	4.0	4.0
360626	1.0	10.0	3.0	7.0	3.0
190679	1.0	10.0	2.0	4.0	3.0
469946	1.0	9.0	2.0	11.0	2.0
176518	3.0	14.0	3.0	9.0	2.0
185454	1.0	7.0	0.0	11.0	1.0
195588	2.0	7.0	2.0	6.0	3.0
185821	4.0	7.0	3.0	7.0	1.0
JF750939	37.0	45.0	27.0	40.0	66.0
AY033434	17.0	14.0	12.0	5.0	15.0
HZ405967.1.1428	9.0	14.0	10.0	9.0	10.0
LV535153.1.1361	11.0	16.0	13.0	13.0	12.0
515123	1.0	0.0	0.0	0.0	0.0
198869	1.0	0.0	0.0	0.0	0.0
519167	1.0	0.0	0.0	0.0	0.0
515372	1.0	0.0	0.0	0.0	0.0
523844	1.0	0.0	0.0	0.0	0.0
522678	1.0	0.0	0.0	0.0	0.0
525376	1.0	0.0	0.0	0.0	0.0
509213	1.0	1.0	0.0	0.0	0.0
525243	1.0	0.0	0.0	0.0	0.0
512610	1.0	0.0	0.0	0.0	0.0
4307092	1.0	0.0	0.0	0.0	0.0
523116	1.0	0.0	0.0	1.0	1.0
517054	1.0	0.0	0.0	0.0	0.0
522759	1.0	0.0	0.0	1.0	0.0
519511	1.0	0.0	0.0	0.0	0.0
510921	1.0	0.0	1.0	1.0	1.0
515581	1.0	0.0	0.0	0.0	0.0
521841	1.0	0.0	0.0	0.0	0.0
530223	1.0	0.0	0.0	1.0	0.0
513695	1.0	0.0	0.0	1.0	0.0
AB244774	1.0	1.0	0.0	0.0	0.0
524833	1.0	1.0	0.0	0.0	0.0
514227	1.0	0.0	0.0	0.0	0.0
517137	1.0	0.0	0.0	0.0	0.0
364529	1.0	0.0	0.0	0.0	0.0
4296739	1.0	0.0	0.0	0.0	0.0
513164	1.0	0.0	0.0	1.0	1.0
517973	1.0	0.0	0.0	1.0	0.0
517629	1.0	0.0	0.0	0.0	0.0
523047	1.0	0.0	0.0	0.0	0.0
531993	1.0	0.0	0.0	0.0	0.0
4324245	1.0	0.0	0.0	0.0	0.0
510294	1.0	0.0	0.0	0.0	0.0
521943	1.0	0.0	0.0	0.0	0.0
326403	1.0	0.0	0.0	0.0	0.0
530901	1.0	0.0	0.0	0.0	0.0
LN998059	36.0	51.0	27.0	33.0	38.0
FJ805840	36.0	45.0	31.0	16.0	31.0
AY534872	35.0	6.0	0.0	27.0	8.0
FP929059.2595678.2597174	21.0	29.0	31.0	14.0	25.0
ABCA03000019.5787.7283	13.0	17.0	13.0	26.0	23.0
187518	4.0	8.0	5.0	3.0	7.0
369699	2.0	3.0	3.0	6.0	2.0
184606	3.0	1.0	4.0	3.0	8.0
307580	6.0	7.0	2.0	5.0	4.0
561744	4.0	6.0	3.0	2.0	2.0
1614788	2.0	3.0	3.0	5.0	3.0
AB038359	1.0	7.0	2.0	4.0	4.0
179147	5.0	3.0	4.0	4.0	4.0
559332	4.0	6.0	5.0	4.0	10.0
176961	1.0	9.0	4.0	4.0	3.0
AJ270482	19.0	17.0	16.0	10.0	9.0
NR_074809	13.0	17.0	17.0	15.0	5.0
AY162469	32.0	42.0	44.0	30.0	18.0
MK439508	31.0	18.0	16.0	36.0	27.0
NR_102884	19.0	5.0	20.0	13.0	13.0
AJ515913	12.0	12.0	15.0	20.0	26.0
LT576391	31.0	20.0	44.0	35.0	35.0
363438	3.0	13.0	8.0	3.0	3.0
186563	6.0	5.0	7.0	3.0	3.0
352927	6.0	9.0	4.0	4.0	5.0
952498	5.0	6.0	4.0	8.0	1.0
L76596	5.0	12.0	3.0	7.0	4.0
182342	2.0	5.0	1.0	6.0	6.0
177644	3.0	4.0	4.0	1.0	2.0
BBDW01000030.73.1604	18.0	24.0	18.0	27.0	14.0
FJ611794	12.0	32.0	27.0	17.0	17.0
LC468799	29.0	40.0	27.0	31.0	29.0
851946	28.0	37.0	69.0	20.0	41.0
NR_113228	12.0	6.0	0.0	5.0	1.0
EU414673	16.0	4.0	0.0	14.0	3.0
DQ440561.1.1329	12.0	7.0	15.0	11.0	7.0
CP022722.2638053.2639601	5.0	14.0	17.0	9.0	10.0
M23732.2	7.0	9.0	18.0	6.0	12.0
CP022722.4098682.4100230	3.0	9.0	15.0	8.0	8.0
L16496	11.0	19.0	15.0	11.0	14.0
NR_113075	16.0	27.0	15.0	15.0	14.0
AZJE01000019.81382.82902	16.0	8.0	13.0	23.0	21.0
ABOU02000049.4536.6056	10.0	14.0	12.0	20.0	9.0
NR_113152	11.0	11.0	37.0	6.0	17.0
L16497	15.0	15.0	26.0	8.0	9.0
ABYT01000002.2079.3606	12.0	0.0	6.0	125.0	24.0
M59230	14.0	0.0	3.0	109.0	20.0
AY974072	6.0	10.0	9.0	14.0	6.0
NR_113153	11.0	14.0	15.0	9.0	8.0
NR_102861	8.0	7.0	12.0	9.0	10.0
KR364774	25.0	0.0	9.0	22.0	13.0
CYYA01000009.1176.2688	25.0	25.0	15.0	32.0	38.0
CALI02000005	24.0	6.0	0.0	35.0	6.0
212729	1.0	2.0	1.0	1.0	1.0
334335	1.0	2.0	2.0	2.0	5.0
336834	1.0	4.0	0.0	2.0	2.0
338726	1.0	0.0	2.0	3.0	2.0
344398	1.0	2.0	3.0	0.0	2.0
AB200217	1.0	2.0	1.0	1.0	1.0
AB200219.1.1490	1.0	3.0	0.0	1.0	1.0
188706	1.0	1.0	1.0	1.0	3.0
311950	1.0	2.0	2.0	2.0	0.0
187388	1.0	1.0	0.0	1.0	4.0
320291	1.0	3.0	4.0	3.0	2.0
350144	1.0	3.0	0.0	4.0	4.0
364553	1.0	4.0	1.0	5.0	2.0
322339	1.0	1.0	2.0	2.0	1.0
210155	1.0	3.0	1.0	2.0	0.0
215377	1.0	4.0	0.0	1.0	1.0
4368216	1.0	4.0	0.0	3.0	1.0
310750	1.0	0.0	2.0	1.0	2.0
318833	1.0	4.0	1.0	0.0	1.0
187751	1.0	3.0	1.0	1.0	2.0
346823	1.0	1.0	1.0	1.0	1.0
362727	1.0	1.0	5.0	2.0	2.0
AB200221.1.1493	1.0	3.0	2.0	1.0	1.0
211608	1.0	3.0	3.0	1.0	2.0
304076	2.0	1.0	1.0	2.0	4.0
322715	2.0	0.0	0.0	0.0	1.0
EU136695.1.1991	2.0	0.0	0.0	2.0	1.0
4414420	2.0	1.0	0.0	3.0	1.0
198042	2.0	1.0	0.0	0.0	3.0
3078863	3.0	0.0	1.0	1.0	0.0
4418224	2.0	0.0	0.0	0.0	4.0
314355	2.0	1.0	0.0	0.0	3.0
839512	1.0	0.0	1.0	3.0	1.0
316761	2.0	1.0	0.0	1.0	1.0
328028	1.0	1.0	1.0	2.0	3.0
196781	1.0	1.0	0.0	0.0	3.0
347453	1.0	1.0	0.0	2.0	5.0
2865887	1.0	1.0	0.0	1.0	0.0
929836	4.0	1.0	4.0	1.0	2.0
AB030220.1.1486	6.0	1.0	4.0	2.0	1.0
AB030218.1.1486	2.0	3.0	2.0	1.0	3.0
GU811876.1.1293	3.0	1.0	0.0	3.0	2.0
177504	6.0	1.0	5.0	2.0	1.0
AB030219	2.0	0.0	3.0	0.0	1.0
LC371917	22.0	28.0	33.0	23.0	29.0
AF542227	10.0	4.0	2.0	16.0	3.0
NR_115511	8.0	3.0	3.0	10.0	3.0
AY169425.1.1500	4.0	4.0	2.0	15.0	5.0
KX198132	20.0	19.0	6.0	6.0	6.0
AF167711	20.0	11.0	5.0	14.0	6.0
JX101692	20.0	8.0	26.0	20.0	22.0
AB916501	20.0	4.0	6.0	10.0	10.0
LT223577	20.0	0.0	0.0	15.0	13.0
AB370249	19.0	0.0	7.0	21.0	36.0
EU136688.1.1503	9.0	9.0	21.0	10.0	3.0
AB200224	9.0	10.0	24.0	9.0	3.0
AJ251584	17.0	6.0	6.0	82.0	0.0
KF933800.1.1486	9.0	3.0	1.0	3.0	39.0
D86183	6.0	6.0	4.0	0.0	47.0
AEEQ01000018.217.1734	2.0	4.0	5.0	0.0	49.0
DQ352812.1.1520	9.0	2.0	4.0	0.0	0.0
X76748.1.1473	8.0	3.0	4.0	0.0	0.0
AY850119	8.0	2.0	0.0	13.0	2.0
NR_113357	9.0	4.0	0.0	16.0	3.0
LT598577.1.1491	16.0	4.0	0.0	18.0	4.0
EU136696.1.1944	8.0	13.0	79.0	3.0	5.0
AY126616	8.0	11.0	66.0	7.0	8.0
AF542229	8.0	4.0	0.0	75.0	3.0
NR_115508	8.0	7.0	0.0	92.0	5.0
157905	1.0	0.0	0.0	0.0	0.0
524522	1.0	0.0	0.0	0.0	0.0
511560	1.0	0.0	0.0	0.0	0.0
531346	1.0	0.0	0.0	0.0	0.0
522595	1.0	0.0	0.0	0.0	0.0
514209	1.0	0.0	0.0	0.0	0.0
157712	1.0	0.0	0.0	0.0	0.0
522813	1.0	0.0	0.0	0.0	0.0
526690	1.0	0.0	0.0	0.0	0.0
514139	1.0	0.0	0.0	0.0	0.0
529842	1.0	0.0	0.0	0.0	0.0
525360	1.0	0.0	0.0	0.0	0.0
2730944	1.0	0.0	0.0	0.0	0.0
AB260026	1.0	0.0	0.0	0.0	0.0
518281	1.0	0.0	0.0	0.0	0.0
X78017	9.0	0.0	0.0	0.0	0.0
NR_074928	6.0	0.0	0.0	0.0	4.0
AB222700.1.1488	5.0	2.0	2.0	0.0	3.0
AB222699	8.0	2.0	1.0	0.0	3.0
AGXW01000006.688.2204	2.0	5.0	1.0	0.0	4.0
JRGF01000044	15.0	23.0	39.0	27.0	22.0
LT576405	15.0	7.0	17.0	6.0	18.0
470236	5.0	3.0	9.0	8.0	0.0
CZAC01000092.963.2475	6.0	7.0	2.0	9.0	0.0
AJ132842	3.0	4.0	6.0	11.0	0.0
EU136697.1.2002	6.0	15.0	97.0	2.0	6.0
AY974070	8.0	9.0	92.0	4.0	3.0
X81137	14.0	0.0	0.0	6.0	0.0
KR364771	14.0	32.0	12.0	13.0	19.0
X55797	14.0	0.0	0.0	10.0	0.0
JF824807	13.0	3.0	0.0	4.0	20.0
DQ518919	13.0	10.0	0.0	48.0	5.0
KF999878.1.1475	5.0	2.0	0.0	9.0	3.0
L16490	6.0	0.0	0.0	5.0	5.0
CP002689	2.0	4.0	0.0	7.0	6.0
DQ925472	13.0	0.0	0.0	12.0	25.0
AQOB01000017.75653.77170	5.0	4.0	0.0	5.0	5.0
EU410376	8.0	0.0	0.0	1.0	6.0
AF542230	8.0	2.0	0.0	11.0	2.0
NR_115505	5.0	5.0	0.0	9.0	4.0
FNUU01000035.148.1673	6.0	12.0	2.0	12.0	3.0
AB008552.1.1508	5.0	14.0	3.0	8.0	4.0
KJ676651.1.1504	2.0	14.0	3.0	8.0	2.0
CP001708.643497.645010	6.0	0.0	0.0	2.0	0.0
CP001708.235850.237365	3.0	0.0	0.0	0.0	0.0
AB558162.1.1427	2.0	0.0	0.0	4.0	0.0
NR_115503	1.0	0.0	0.0	2.0	0.0
LT630450.1415979.1417529	5.0	1.0	3.0	1.0	5.0
LT630450.1820787.1822337	3.0	1.0	0.0	3.0	4.0
AF192152	2.0	2.0	3.0	4.0	7.0
LT630450.1589826.1591376	2.0	0.0	0.0	3.0	7.0
AY049713	4.0	2.0	7.0	3.0	8.0
NR_118352	4.0	4.0	2.0	1.0	4.0
2136916	4.0	2.0	3.0	1.0	4.0
MF446960	12.0	0.0	0.0	6.0	0.0
JX101683	12.0	10.0	4.0	4.0	0.0
KF814111	11.0	20.0	19.0	6.0	14.0
CP015402.2294917.2296466	5.0	0.0	0.0	0.0	0.0
KR364784	3.0	0.0	0.0	0.0	0.0
CP015402.3112266.3113814	3.0	0.0	0.0	0.0	0.0
KP193456.1.1399	7.0	3.0	8.0	4.0	2.0
AB443949	4.0	1.0	9.0	5.0	2.0
LN846908	11.0	8.0	33.0	16.0	22.0
ADMB01000074.90.1632	5.0	8.0	0.0	2.0	3.0
AB300988	6.0	8.0	0.0	5.0	3.0
AJ867039	2.0	0.0	0.0	0.0	0.0
CP019306.1946503.1948018	1.0	0.0	0.0	1.0	0.0
X74408.1.1499	4.0	0.0	0.0	1.0	0.0
X74407.1.1547	2.0	0.0	0.0	1.0	0.0
AJ867038.1.1461	1.0	0.0	0.0	1.0	0.0
AB525413	1.0	0.0	0.0	1.0	0.0
KP966092	11.0	29.0	30.0	48.0	44.0
CP028956.978119.979665	1.0	0.0	0.0	0.0	0.0
4063223	1.0	0.0	0.0	0.0	0.0
4311116	1.0	0.0	0.0	0.0	1.0
AJ301681	1.0	0.0	0.0	0.0	0.0
CP028956.1341511.1343057	1.0	0.0	0.0	0.0	1.0
KC250021.1.1537	1.0	0.0	0.0	0.0	0.0
2061548	1.0	0.0	0.0	0.0	0.0
2400268	1.0	0.0	0.0	0.0	0.0
4367533	1.0	0.0	0.0	0.0	1.0
1105714	1.0	0.0	0.0	0.0	0.0
4435876	1.0	0.0	0.0	0.0	0.0
LT598596	10.0	32.0	27.0	15.0	35.0
NR_112942	6.0	7.0	4.0	6.0	6.0
EU136690.1.2033	4.0	4.0	7.0	7.0	6.0
KT886066	10.0	7.0	0.0	5.0	0.0
ACBZ01000217.267.1788	4.0	0.0	3.0	0.0	0.0
GU968169.1.1562	3.0	0.0	3.0	0.0	0.0
X95624	3.0	0.0	4.0	0.0	0.0
1120396	4.0	1.0	0.0	2.0	0.0
259097	1.0	0.0	0.0	3.0	0.0
EU309492	2.0	3.0	0.0	1.0	0.0
302106	3.0	0.0	0.0	3.0	0.0
LT576394	10.0	25.0	6.0	40.0	12.0
AB490804	10.0	0.0	4.0	4.0	7.0
NR_163639.1	10.0	22.0	36.0	30.0	6.0
AF349724	4.0	3.0	2.0	4.0	0.0
MS821801.1.1482	2.0	2.0	2.0	4.0	0.0
KR422351.1.1495	3.0	6.0	3.0	2.0	0.0
JN703378	9.0	7.0	17.0	14.0	18.0
LT598557	9.0	0.0	0.0	26.0	0.0
L04321	7.0	2.0	0.0	3.0	0.0
NR_117766	2.0	3.0	0.0	5.0	0.0
AB439724	9.0	0.0	7.0	0.0	5.0
CP016757.1044976.1046496	3.0	0.0	0.0	0.0	3.0
CP016757.3429897.3431417	3.0	0.0	0.0	0.0	1.0
CP016757.633960.635480	1.0	0.0	0.0	0.0	0.0
JQ809697	2.0	0.0	0.0	0.0	1.0
NZ_LR131147.1	7.0	0.0	9.0	0.0	0.0
NZ_LN869527.1	2.0	0.0	7.0	0.0	0.0
AB536771.1.1476	3.0	0.0	7.0	2.0	0.0
X75907.1.1467	6.0	0.0	5.0	4.0	0.0
EU483153	8.0	4.0	0.0	12.0	6.0
Y11466	8.0	0.0	6.0	7.0	5.0
CP000678.520016.521491	5.0	1.0	6.0	5.0	4.0
MH708237.1.1106	1.0	5.0	3.0	6.0	2.0
U55233	2.0	1.0	4.0	5.0	3.0
ABIK02000003.44069.45469	1.0	1.0	2.0	1.0	5.0
X75908.1.1388	1.0	8.0	7.0	4.0	6.0
15716	4.0	6.0	3.0	3.0	5.0
AB818948.1.1486	2.0	5.0	2.0	6.0	2.0
179515	1.0	1.0	0.0	0.0	2.0
183161	1.0	0.0	1.0	0.0	1.0
180112	1.0	0.0	0.0	0.0	2.0
291545	1.0	0.0	1.0	0.0	1.0
288326	1.0	0.0	0.0	0.0	2.0
362848	1.0	0.0	0.0	0.0	3.0
294138	1.0	1.0	0.0	0.0	4.0
526774	1.0	0.0	0.0	1.0	5.0
CYYU01000007.113011.114641	1.0	0.0	0.0	0.0	0.0
AF479674	7.0	0.0	0.0	0.0	0.0
660199	2.0	10.0	0.0	0.0	3.0
234242	1.0	9.0	0.0	1.0	5.0
269890	3.0	11.0	0.0	1.0	3.0
362271	2.0	8.0	0.0	1.0	3.0
X55410	2.0	0.0	0.0	0.0	0.0
CP028106.930783.932303	5.0	0.0	0.0	0.0	0.0
AJ576074.1.1419	2.0	0.0	0.0	0.0	0.0
AJ576084.1.1501	2.0	0.0	0.0	3.0	0.0
AJ318408	1.0	0.0	0.0	3.0	0.0
NR_074732	2.0	0.0	0.0	0.0	0.0
FR733677.1.1497	7.0	13.0	10.0	4.0	0.0
NR_113074	2.0	0.0	11.0	2.0	0.0
AB490805	5.0	0.0	9.0	3.0	0.0
357442	1.0	0.0	0.0	0.0	0.0
3932937	1.0	0.0	0.0	0.0	0.0
358359	1.0	0.0	0.0	0.0	0.0
4354775	1.0	0.0	1.0	0.0	0.0
191327	1.0	0.0	0.0	0.0	0.0
368175	1.0	1.0	0.0	0.0	0.0
177016	1.0	0.0	0.0	0.0	0.0
AB490801	7.0	14.0	6.0	16.0	9.0
EU826403	7.0	0.0	0.0	4.0	7.0
368426	1.0	0.0	0.0	0.0	1.0
288367	1.0	0.0	0.0	0.0	0.0
193125	1.0	0.0	0.0	0.0	0.0
194494	1.0	0.0	0.0	0.0	0.0
2235671	1.0	0.0	0.0	0.0	0.0
305272	1.0	0.0	0.0	0.0	0.0
LT631507	6.0	0.0	0.0	0.0	0.0
X80504	1.0	0.0	0.0	0.0	0.0
LLVT01000005.96.1646	1.0	0.0	1.0	0.0	1.0
GQ131411.1	1.0	0.0	0.0	0.0	1.0
AJ234040	1.0	0.0	0.0	0.0	1.0
AJ234041.1.1397	1.0	0.0	1.0	0.0	0.0
AJ234047.1.1393	1.0	0.0	1.0	0.0	1.0
M59120	2.0	0.0	0.0	0.0	0.0
CP019962.3081617.3083143	1.0	0.0	0.0	0.0	0.0
CP011914.736277.737745	2.0	0.0	0.0	0.0	0.0
NR_113248	1.0	0.0	0.0	0.0	0.0
NR_125607.1	2.0	0.0	0.0	0.0	0.0
CAHB01000032.96.1603	4.0	0.0	0.0	6.0	0.0
CP017037.863240.864816	5.0	6.0	0.0	4.0	0.0
X82500	1.0	4.0	0.0	4.0	0.0
4339348	1.0	0.0	0.0	1.0	0.0
105998	1.0	0.0	0.0	1.0	1.0
550561	1.0	0.0	0.0	0.0	1.0
2323585	1.0	0.0	0.0	1.0	1.0
AY326462	1.0	0.0	0.0	1.0	0.0
14228	1.0	0.0	0.0	0.0	0.0
HZ405984.1.1425	4.0	0.0	0.0	0.0	0.0
DQ279737.1.1420	2.0	0.0	0.0	0.0	0.0
AY570514	4.0	0.0	0.0	0.0	0.0
NR_113091	2.0	0.0	0.0	0.0	0.0
JF824809	6.0	0.0	0.0	0.0	0.0
AB261128	6.0	21.0	24.0	13.0	17.0
JQ039189	6.0	0.0	0.0	4.0	0.0
319949	1.0	0.0	0.0	0.0	0.0
4390140	1.0	0.0	0.0	0.0	0.0
287992	1.0	0.0	0.0	0.0	0.0
146880	1.0	0.0	0.0	0.0	0.0
663228	1.0	0.0	0.0	0.0	0.0
164006	1.0	0.0	0.0	0.0	0.0
LC192831	6.0	18.0	28.0	13.0	18.0
JX877776	5.0	0.0	0.0	10.0	0.0
AF548373	5.0	3.0	4.0	3.0	6.0
NR_144740.1	5.0	0.0	0.0	0.0	0.0
LT576395	5.0	0.0	0.0	0.0	4.0
AY675965.1.1497	2.0	1.0	0.0	1.0	1.0
AY295777	2.0	1.0	0.0	3.0	1.0
AY434720.1.1423	1.0	2.0	0.0	1.0	2.0
AB298756	5.0	4.0	12.0	0.0	6.0
KF876014	5.0	27.0	0.0	11.0	0.0
AJ867037.1.1462	1.0	0.0	0.0	0.0	0.0
LS483487.3174515.3176010	1.0	0.0	0.0	0.0	0.0
CP028105.1490632.1492155	3.0	0.0	0.0	0.0	0.0
NR_144731.1	5.0	0.0	0.0	0.0	12.0
AB490811	5.0	0.0	0.0	8.0	5.0
EF185167	1.0	2.0	3.0	2.0	0.0
KT006900.1.1450	2.0	3.0	2.0	2.0	0.0
EF185168.1.1497	2.0	1.0	4.0	6.0	0.0
FR749946	1.0	0.0	0.0	0.0	0.0
EU980608.1.1520	1.0	0.0	0.0	0.0	0.0
MS821754.1.1508	3.0	0.0	0.0	0.0	0.0
AM176532.1.1458	2.0	0.0	0.0	0.0	0.0
AY323523	3.0	0.0	0.0	0.0	0.0
LT615363	5.0	0.0	0.0	0.0	0.0
HM536952.1.1366	1.0	0.0	0.0	1.0	0.0
GQ167664.1.1453	1.0	0.0	0.0	1.0	0.0
DQ174166	1.0	0.0	0.0	1.0	0.0
AF550653.1.1415	1.0	0.0	0.0	0.0	0.0
CP000792.1086387.1087844	1.0	0.0	0.0	0.0	0.0
MH043116	5.0	0.0	6.0	3.0	0.0
AB214328	3.0	4.0	6.0	1.0	2.0
EU136691.1.1995	2.0	6.0	3.0	2.0	2.0
LT598546	4.0	6.0	6.0	5.0	0.0
AB331897	4.0	0.0	0.0	0.0	5.0
KT630605	4.0	0.0	0.0	4.0	4.0
AY968205	4.0	0.0	0.0	4.0	0.0
LN866991	4.0	29.0	18.0	6.0	23.0
LT598559	4.0	0.0	0.0	7.0	0.0
AB290830	4.0	0.0	0.0	0.0	0.0
KR364765	4.0	0.0	0.0	0.0	0.0
NR_113163	1.0	0.0	0.0	5.0	0.0
L34617	1.0	0.0	0.0	1.0	0.0
AB018186.1.1506	1.0	0.0	0.0	1.0	0.0
AB018187.1.1504	1.0	0.0	0.0	0.0	0.0
X76649	4.0	0.0	0.0	0.0	0.0
KP966093	4.0	12.0	8.0	20.0	0.0
MH542270.1.1407	4.0	4.0	4.0	0.0	0.0
LT623894	3.0	0.0	0.0	7.0	8.0
4414478	0.0	1.0	1.0	0.0	0.0
1976824	0.0	1.0	0.0	1.0	0.0
4328409	0.0	1.0	0.0	1.0	0.0
198699	0.0	1.0	0.0	1.0	0.0
AY169427.1	0.0	1.0	1.0	1.0	0.0
520759	0.0	1.0	0.0	1.0	0.0
366580	0.0	1.0	0.0	1.0	1.0
191966	0.0	1.0	1.0	1.0	0.0
369540	0.0	1.0	0.0	1.0	0.0
366709	0.0	1.0	0.0	1.0	0.0
198956	0.0	1.0	1.0	0.0	0.0
515583	0.0	1.0	0.0	1.0	1.0
528715	0.0	1.0	1.0	0.0	0.0
531138	0.0	1.0	1.0	1.0	0.0
192800	0.0	1.0	0.0	1.0	1.0
4327820	0.0	1.0	0.0	1.0	0.0
197966	0.0	1.0	0.0	1.0	0.0
195523	0.0	1.0	0.0	1.0	0.0
4375923	0.0	1.0	0.0	1.0	0.0
191715	0.0	1.0	0.0	1.0	0.0
579587	0.0	1.0	1.0	1.0	1.0
532050	0.0	1.0	0.0	1.0	0.0
185878	0.0	1.0	0.0	1.0	1.0
526274	0.0	1.0	0.0	1.0	0.0
519122	0.0	1.0	1.0	1.0	0.0
195125	0.0	1.0	0.0	1.0	0.0
369857	0.0	1.0	0.0	1.0	1.0
841781	0.0	1.0	0.0	1.0	1.0
4469013	0.0	1.0	0.0	0.0	1.0
184191	0.0	1.0	0.0	1.0	1.0
531816	0.0	1.0	0.0	1.0	1.0
361966	0.0	1.0	0.0	1.0	0.0
4356623	0.0	1.0	1.0	1.0	0.0
179903	0.0	1.0	0.0	1.0	0.0
174611	0.0	1.0	0.0	1.0	1.0
515804	0.0	1.0	0.0	1.0	0.0
2782250	0.0	1.0	0.0	0.0	1.0
189025	0.0	1.0	1.0	1.0	0.0
3468943	0.0	1.0	0.0	1.0	1.0
187818	0.0	1.0	1.0	0.0	0.0
4455454	0.0	1.0	1.0	1.0	1.0
364607	0.0	1.0	1.0	0.0	0.0
4368754	0.0	1.0	0.0	0.0	0.0
178935	0.0	1.0	1.0	1.0	1.0
365372	0.0	1.0	0.0	1.0	0.0
173589	0.0	1.0	1.0	1.0	0.0
339494	0.0	1.0	1.0	1.0	1.0
364625	0.0	1.0	0.0	1.0	1.0
183157	0.0	1.0	0.0	1.0	0.0
4387344	0.0	1.0	0.0	1.0	0.0
366068	0.0	1.0	1.0	0.0	0.0
170981	0.0	1.0	0.0	1.0	0.0
189089	0.0	1.0	0.0	1.0	0.0
365214	0.0	1.0	1.0	1.0	0.0
192936	0.0	1.0	1.0	1.0	1.0
195801	0.0	1.0	0.0	1.0	0.0
184212	0.0	1.0	1.0	1.0	0.0
LQ500123.51.1533	0.0	1.0	1.0	1.0	0.0
2782257	0.0	1.0	0.0	1.0	0.0
180321	0.0	1.0	1.0	1.0	0.0
530484	0.0	1.0	0.0	1.0	0.0
4281641	0.0	1.0	0.0	1.0	0.0
851717	0.0	1.0	0.0	1.0	1.0
217177	0.0	1.0	1.0	1.0	0.0
525812	0.0	1.0	0.0	0.0	1.0
2771891	0.0	1.0	0.0	1.0	0.0
361850	0.0	1.0	0.0	1.0	0.0
525479	0.0	1.0	0.0	1.0	0.0
199145	0.0	1.0	1.0	1.0	0.0
529021	0.0	1.0	0.0	1.0	0.0
181575	0.0	1.0	1.0	0.0	0.0
516959	0.0	1.0	1.0	1.0	0.0
315391	0.0	1.0	0.0	1.0	1.0
CP030777.2701417.2702934	0.0	1.0	0.0	1.0	0.0
844069	0.0	1.0	1.0	1.0	0.0
4439362	0.0	1.0	0.0	1.0	0.0
2088164	0.0	1.0	1.0	0.0	1.0
358117	0.0	1.0	1.0	1.0	0.0
522292	0.0	1.0	0.0	1.0	0.0
536892	0.0	1.0	0.0	1.0	0.0
527207	0.0	1.0	0.0	1.0	1.0
182257	0.0	1.0	0.0	1.0	0.0
518265	0.0	1.0	1.0	1.0	1.0
176115	0.0	1.0	0.0	1.0	0.0
X85022.1.1499	0.0	1.0	1.0	1.0	0.0
181540	0.0	1.0	1.0	1.0	0.0
186392	0.0	1.0	0.0	1.0	0.0
363662	0.0	1.0	1.0	0.0	1.0
157699	0.0	1.0	0.0	1.0	0.0
175317	0.0	1.0	0.0	1.0	0.0
522486	0.0	1.0	1.0	1.0	1.0
519723	0.0	1.0	0.0	1.0	0.0
527741	0.0	1.0	0.0	0.0	0.0
531429	0.0	1.0	1.0	1.0	1.0
1856422	0.0	1.0	1.0	0.0	0.0
3199573	0.0	1.0	1.0	1.0	1.0
188683	0.0	1.0	0.0	0.0	0.0
145226	0.0	1.0	1.0	1.0	0.0
187090	0.0	1.0	1.0	0.0	0.0
185734	0.0	1.0	1.0	1.0	1.0
370037	0.0	1.0	1.0	0.0	0.0
515988	0.0	1.0	0.0	0.0	0.0
1739785	0.0	1.0	1.0	1.0	1.0
4315979	0.0	1.0	0.0	1.0	0.0
157969	0.0	1.0	1.0	1.0	1.0
525715	0.0	1.0	0.0	1.0	1.0
3752807	0.0	1.0	1.0	1.0	1.0
2723503	0.0	1.0	0.0	1.0	0.0
CP030777.2148185.2149702	0.0	1.0	1.0	1.0	1.0
191313	0.0	1.0	0.0	1.0	0.0
518707	0.0	1.0	0.0	0.0	0.0
197159	0.0	1.0	0.0	1.0	0.0
529017	0.0	1.0	1.0	0.0	0.0
195342	0.0	1.0	0.0	0.0	0.0
358653	0.0	1.0	0.0	0.0	0.0
528002	0.0	1.0	0.0	1.0	0.0
158001	0.0	1.0	0.0	1.0	1.0
176735	0.0	1.0	0.0	0.0	0.0
2136151	0.0	1.0	0.0	0.0	1.0
185502	0.0	1.0	1.0	0.0	1.0
4080510	0.0	1.0	0.0	1.0	1.0
187439	0.0	1.0	0.0	1.0	0.0
4421952	0.0	1.0	0.0	1.0	1.0
1719314	0.0	1.0	1.0	1.0	0.0
530094	0.0	1.0	0.0	1.0	1.0
1978953	0.0	1.0	1.0	0.0	1.0
215061	0.0	1.0	1.0	0.0	1.0
178267	0.0	1.0	0.0	0.0	0.0
532146	0.0	1.0	1.0	0.0	0.0
179987	0.0	1.0	0.0	1.0	1.0
1582816	0.0	1.0	0.0	1.0	0.0
4320971	0.0	1.0	0.0	1.0	0.0
180727	0.0	1.0	1.0	1.0	0.0
4211773	0.0	1.0	1.0	1.0	1.0
4483722	0.0	1.0	1.0	0.0	1.0
193525	0.0	1.0	1.0	1.0	0.0
211478	0.0	1.0	1.0	1.0	1.0
183047	0.0	1.0	0.0	1.0	0.0
525656	0.0	1.0	1.0	1.0	1.0
530715	0.0	1.0	1.0	1.0	1.0
31395	0.0	1.0	1.0	0.0	0.0
197669	0.0	1.0	0.0	1.0	0.0
3865315	0.0	1.0	0.0	1.0	0.0
366110	0.0	1.0	1.0	1.0	0.0
4461567	0.0	1.0	1.0	0.0	0.0
181139	0.0	1.0	0.0	1.0	0.0
364913	0.0	1.0	0.0	1.0	0.0
518792	0.0	1.0	1.0	0.0	0.0
4474222	0.0	1.0	0.0	1.0	0.0
515575	0.0	1.0	0.0	1.0	0.0
363830	0.0	1.0	0.0	1.0	0.0
849631	0.0	1.0	0.0	1.0	0.0
177872	0.0	1.0	0.0	1.0	0.0
173135	0.0	1.0	1.0	1.0	0.0
CP023819.1043647.1045165	0.0	1.0	0.0	1.0	1.0
183864	0.0	1.0	1.0	1.0	1.0
4200486	0.0	1.0	1.0	0.0	0.0
519971	0.0	1.0	0.0	0.0	0.0
4476129	0.0	1.0	1.0	0.0	1.0
174439	0.0	1.0	0.0	1.0	0.0
157594	0.0	1.0	0.0	1.0	0.0
525169	0.0	1.0	0.0	1.0	0.0
779286	0.0	1.0	0.0	1.0	0.0
3881517	0.0	1.0	0.0	1.0	1.0
344430	0.0	1.0	0.0	1.0	0.0
309533	0.0	1.0	1.0	1.0	0.0
206497	0.0	1.0	0.0	1.0	0.0
363387	0.0	1.0	0.0	1.0	0.0
4350917	0.0	1.0	0.0	1.0	1.0
173986	0.0	1.0	0.0	0.0	0.0
361581	0.0	1.0	1.0	1.0	0.0
183676	0.0	1.0	0.0	0.0	0.0
157645	0.0	1.0	0.0	0.0	0.0
4425997	0.0	1.0	1.0	0.0	0.0
362223	0.0	1.0	0.0	1.0	0.0
194165	0.0	1.0	0.0	0.0	0.0
192277	0.0	1.0	0.0	0.0	0.0
312048	0.0	1.0	1.0	1.0	0.0
174032	0.0	1.0	1.0	1.0	1.0
178357	0.0	1.0	1.0	1.0	0.0
178131	0.0	1.0	0.0	0.0	1.0
183679	0.0	1.0	1.0	1.0	0.0
512652	0.0	1.0	1.0	1.0	0.0
195855	0.0	1.0	0.0	0.0	1.0
520430	0.0	1.0	0.0	1.0	1.0
3425516	0.0	1.0	0.0	1.0	0.0
346467	0.0	1.0	0.0	1.0	0.0
145519	0.0	1.0	0.0	0.0	0.0
4328987	0.0	1.0	0.0	1.0	0.0
4039892	0.0	1.0	1.0	1.0	0.0
845544	0.0	1.0	0.0	1.0	0.0
188094	0.0	1.0	0.0	1.0	1.0
365148	0.0	1.0	1.0	0.0	0.0
158057	0.0	1.0	0.0	1.0	1.0
4444427	0.0	1.0	1.0	0.0	0.0
125798	0.0	1.0	1.0	0.0	0.0
368220	0.0	1.0	0.0	0.0	0.0
530524	0.0	1.0	0.0	0.0	0.0
2570980	0.0	1.0	1.0	0.0	1.0
2236372	0.0	1.0	1.0	0.0	0.0
4336423	0.0	1.0	1.0	0.0	0.0
211449	0.0	1.0	1.0	1.0	1.0
185679	0.0	1.0	1.0	1.0	1.0
509946	0.0	1.0	1.0	1.0	0.0
510689	0.0	1.0	0.0	1.0	1.0
4374484	0.0	1.0	0.0	0.0	0.0
179287	0.0	1.0	0.0	1.0	0.0
212464	0.0	1.0	0.0	1.0	0.0
262491	0.0	1.0	1.0	1.0	0.0
368733	0.0	1.0	1.0	1.0	0.0
529329	0.0	1.0	1.0	0.0	0.0
1943669	0.0	1.0	0.0	0.0	0.0
199447	0.0	1.0	1.0	1.0	1.0
367120	0.0	1.0	0.0	0.0	0.0
523118	0.0	1.0	0.0	1.0	1.0
175411	0.0	1.0	1.0	1.0	0.0
183272	0.0	1.0	1.0	0.0	1.0
174403	0.0	1.0	0.0	1.0	0.0
206101	0.0	1.0	0.0	0.0	0.0
3972831	0.0	1.0	0.0	1.0	0.0
363456	0.0	1.0	0.0	1.0	0.0
3854223	0.0	1.0	0.0	1.0	0.0
3240365	0.0	1.0	0.0	0.0	0.0
363358	0.0	1.0	1.0	0.0	1.0
514232	0.0	1.0	0.0	1.0	0.0
184017	0.0	1.0	0.0	0.0	1.0
2365690	0.0	1.0	0.0	0.0	0.0
515869	0.0	1.0	1.0	1.0	1.0
1825542	0.0	1.0	0.0	0.0	1.0
187198	0.0	1.0	0.0	1.0	0.0
358008	0.0	1.0	0.0	1.0	0.0
366916	0.0	1.0	1.0	1.0	1.0
4352888	0.0	1.0	0.0	1.0	0.0
370253	0.0	1.0	0.0	0.0	1.0
2494222	0.0	1.0	1.0	0.0	0.0
4458006	0.0	1.0	0.0	1.0	0.0
174486	0.0	1.0	0.0	1.0	0.0
1824748	0.0	1.0	0.0	1.0	0.0
368219	0.0	1.0	1.0	0.0	0.0
367490	0.0	1.0	1.0	0.0	0.0
193801	0.0	1.0	1.0	1.0	0.0
361722	0.0	1.0	0.0	0.0	0.0
174182	0.0	1.0	1.0	0.0	0.0
515141	0.0	1.0	0.0	1.0	0.0
521773	0.0	1.0	0.0	1.0	0.0
189064	0.0	1.0	0.0	1.0	0.0
HQ457032.1.1405	0.0	1.0	0.0	1.0	0.0
4453787	0.0	1.0	0.0	1.0	0.0
357640	0.0	1.0	0.0	0.0	0.0
357455	0.0	1.0	0.0	0.0	0.0
256727	0.0	1.0	0.0	1.0	1.0
359063	0.0	1.0	0.0	0.0	0.0
184000	0.0	1.0	0.0	0.0	0.0
158045	0.0	1.0	1.0	0.0	0.0
179686	0.0	1.0	0.0	1.0	0.0
158599	0.0	1.0	0.0	1.0	0.0
166082	0.0	1.0	1.0	0.0	0.0
316816	0.0	1.0	0.0	1.0	0.0
176800	0.0	1.0	0.0	1.0	1.0
185763	0.0	1.0	0.0	1.0	1.0
359986	0.0	1.0	1.0	0.0	1.0
525513	0.0	1.0	0.0	0.0	0.0
365661	0.0	1.0	0.0	0.0	0.0
190701	0.0	1.0	0.0	1.0	1.0
522278	0.0	1.0	0.0	1.0	1.0
4327095	0.0	1.0	0.0	0.0	0.0
184678	0.0	1.0	1.0	1.0	0.0
4405671	0.0	1.0	0.0	0.0	1.0
520807	0.0	1.0	1.0	0.0	0.0
526786	0.0	1.0	0.0	0.0	1.0
531618	0.0	1.0	0.0	1.0	0.0
4442387	0.0	1.0	0.0	0.0	1.0
4236287	0.0	1.0	1.0	1.0	0.0
530863	0.0	1.0	0.0	1.0	0.0
193716	0.0	1.0	1.0	1.0	1.0
509589	0.0	1.0	0.0	0.0	0.0
525431	0.0	1.0	0.0	1.0	1.0
4470582	0.0	1.0	1.0	0.0	0.0
184689	0.0	1.0	1.0	1.0	0.0
549196	0.0	1.0	1.0	1.0	0.0
368127	0.0	1.0	0.0	1.0	0.0
3568688	0.0	1.0	0.0	1.0	0.0
2914077	0.0	1.0	0.0	1.0	0.0
370050	0.0	1.0	0.0	0.0	0.0
530711	0.0	1.0	1.0	0.0	1.0
189091	0.0	1.0	0.0	1.0	1.0
3707872	0.0	1.0	0.0	0.0	0.0
315051	0.0	1.0	1.0	1.0	1.0
357299	0.0	1.0	0.0	1.0	0.0
523155	0.0	1.0	1.0	0.0	1.0
177293	0.0	1.0	1.0	1.0	1.0
198853	0.0	1.0	0.0	1.0	0.0
4445028	0.0	1.0	1.0	1.0	0.0
369167	0.0	1.0	0.0	0.0	0.0
2990913	0.0	1.0	0.0	1.0	1.0
180572	0.0	1.0	1.0	1.0	1.0
290630	0.0	1.0	1.0	0.0	0.0
565644	0.0	1.0	1.0	1.0	1.0
4320441	0.0	1.0	0.0	1.0	1.0
519504	0.0	1.0	1.0	1.0	1.0
359551	0.0	1.0	0.0	1.0	0.0
358162	0.0	1.0	1.0	0.0	0.0
252478	0.0	1.0	0.0	0.0	0.0
515968	0.0	1.0	1.0	1.0	0.0
358551	0.0	1.0	0.0	1.0	0.0
527654	0.0	1.0	1.0	0.0	1.0
324915	0.0	1.0	1.0	0.0	0.0
174294	0.0	1.0	0.0	0.0	0.0
163289	0.0	1.0	0.0	0.0	1.0
190349	0.0	1.0	0.0	0.0	0.0
4459645	0.0	1.0	1.0	0.0	1.0
4477290	0.0	1.0	0.0	1.0	0.0
194258	0.0	1.0	0.0	1.0	0.0
3294726	0.0	1.0	0.0	1.0	0.0
579284	0.0	1.0	1.0	1.0	1.0
185785	0.0	1.0	1.0	1.0	1.0
HQ457030.1.1394	0.0	1.0	0.0	1.0	0.0
526806	0.0	1.0	1.0	1.0	1.0
4450770	0.0	1.0	1.0	1.0	1.0
527192	0.0	1.0	0.0	1.0	0.0
4413902	0.0	1.0	1.0	1.0	0.0
194156	0.0	1.0	1.0	1.0	1.0
361935	0.0	1.0	0.0	0.0	0.0
308333	0.0	1.0	0.0	1.0	1.0
290260	0.0	1.0	0.0	1.0	1.0
157224	0.0	1.0	1.0	0.0	1.0
194986	0.0	1.0	0.0	0.0	0.0
177615	0.0	1.0	0.0	0.0	1.0
3948960	0.0	1.0	1.0	0.0	0.0
308323	0.0	1.0	0.0	1.0	0.0
173925	0.0	1.0	0.0	1.0	1.0
369275	0.0	1.0	0.0	1.0	0.0
509902	0.0	1.0	0.0	1.0	0.0
3240840	0.0	1.0	0.0	0.0	1.0
190675	0.0	1.0	0.0	1.0	1.0
509242	0.0	1.0	1.0	0.0	0.0
2055695	0.0	1.0	1.0	1.0	0.0
357349	0.0	1.0	0.0	1.0	0.0
178331	0.0	1.0	0.0	0.0	1.0
175696	0.0	1.0	0.0	0.0	0.0
174005	0.0	1.0	1.0	1.0	1.0
366430	0.0	1.0	2.0	1.0	1.0
233593	0.0	1.0	1.0	0.0	0.0
330083	0.0	2.0	1.0	0.0	1.0
3138286	0.0	2.0	1.0	1.0	2.0
4452031	0.0	2.0	2.0	1.0	0.0
533484	0.0	3.0	2.0	1.0	5.0
174852	0.0	5.0	3.0	1.0	1.0
4334331	0.0	2.0	2.0	1.0	4.0
196154	0.0	1.0	2.0	1.0	3.0
493008	0.0	2.0	1.0	1.0	1.0
AB238925.1.1486	0.0	3.0	2.0	1.0	2.0
849904	0.0	2.0	2.0	1.0	3.0
4331574	0.0	1.0	1.0	1.0	2.0
2558420	0.0	3.0	4.0	1.0	2.0
4463993	0.0	3.0	3.0	1.0	5.0
KP944197.1.1431	0.0	1.0	1.0	1.0	6.0
3694686	0.0	1.0	2.0	0.0	3.0
365984	0.0	2.0	4.0	1.0	4.0
1768309	0.0	2.0	2.0	1.0	2.0
3349816	0.0	1.0	2.0	1.0	3.0
NR_074376	0.0	1.0	2.0	1.0	2.0
434788	0.0	1.0	1.0	0.0	1.0
839763	0.0	1.0	1.0	1.0	6.0
4394762	0.0	1.0	1.0	0.0	1.0
182631	0.0	1.0	1.0	0.0	0.0
4445864	0.0	1.0	1.0	0.0	0.0
4338469	0.0	1.0	1.0	0.0	0.0
191683	0.0	1.0	1.0	1.0	1.0
259132	0.0	1.0	1.0	0.0	0.0
4472158	0.0	1.0	1.0	0.0	0.0
3851393	0.0	1.0	1.0	0.0	0.0
372906	0.0	1.0	1.0	0.0	0.0
190863	0.0	1.0	1.0	0.0	0.0
178026	0.0	1.0	1.0	0.0	0.0
173379	0.0	1.0	1.0	0.0	0.0
588467	0.0	1.0	1.0	1.0	0.0
253465	0.0	1.0	1.0	0.0	0.0
336448	0.0	1.0	1.0	0.0	0.0
259818	0.0	1.0	1.0	1.0	0.0
416286	0.0	1.0	1.0	1.0	0.0
2686384	0.0	1.0	1.0	0.0	1.0
294219	0.0	1.0	1.0	0.0	1.0
1880021	0.0	1.0	1.0	0.0	0.0
3044876	0.0	1.0	1.0	1.0	1.0
4435054	0.0	1.0	1.0	0.0	0.0
185570	0.0	1.0	1.0	1.0	0.0
269103	0.0	1.0	1.0	0.0	0.0
189474	0.0	1.0	1.0	0.0	0.0
189403	0.0	1.0	1.0	1.0	0.0
331803	0.0	1.0	1.0	1.0	0.0
267503	0.0	1.0	1.0	0.0	0.0
183174	0.0	1.0	1.0	0.0	0.0
401222	0.0	1.0	1.0	0.0	0.0
197302	0.0	1.0	1.0	0.0	0.0
330116	0.0	1.0	1.0	0.0	0.0
276941	0.0	1.0	1.0	1.0	0.0
307903	0.0	1.0	1.0	1.0	0.0
4433829	0.0	1.0	1.0	0.0	0.0
277184	0.0	1.0	1.0	0.0	0.0
4030829	0.0	1.0	1.0	0.0	0.0
308565	0.0	1.0	1.0	0.0	0.0
174952	0.0	1.0	1.0	0.0	0.0
2535521	0.0	1.0	1.0	0.0	1.0
181764	0.0	1.0	0.0	0.0	0.0
150408	0.0	1.0	1.0	0.0	0.0
263138	0.0	1.0	1.0	0.0	0.0
193897	0.0	1.0	0.0	0.0	1.0
193962	0.0	1.0	1.0	0.0	0.0
191583	0.0	1.0	1.0	1.0	0.0
311564	0.0	1.0	1.0	0.0	0.0
183646	0.0	1.0	1.0	1.0	1.0
310803	0.0	1.0	1.0	0.0	0.0
198251	0.0	1.0	1.0	0.0	0.0
307376	0.0	1.0	1.0	0.0	0.0
44883	0.0	1.0	1.0	0.0	0.0
1696607	0.0	1.0	1.0	0.0	0.0
270015	0.0	1.0	0.0	0.0	0.0
173865	0.0	1.0	1.0	1.0	0.0
3633129	0.0	1.0	0.0	1.0	1.0
2953535	0.0	1.0	1.0	1.0	0.0
174360	0.0	1.0	1.0	1.0	0.0
4394801	0.0	1.0	1.0	0.0	0.0
333775	0.0	1.0	1.0	0.0	0.0
4400909	0.0	1.0	1.0	1.0	0.0
274399	0.0	1.0	1.0	0.0	0.0
307640	0.0	1.0	1.0	0.0	0.0
3419664	0.0	1.0	0.0	0.0	0.0
342887	0.0	1.0	1.0	0.0	0.0
2339949	0.0	1.0	1.0	0.0	1.0
176858	0.0	1.0	1.0	0.0	0.0
192085	0.0	1.0	0.0	0.0	0.0
396230	0.0	1.0	0.0	0.0	1.0
185854	0.0	1.0	0.0	0.0	0.0
4361366	0.0	1.0	0.0	0.0	0.0
271191	0.0	1.0	0.0	0.0	0.0
262633	0.0	1.0	0.0	0.0	0.0
272593	0.0	1.0	0.0	1.0	0.0
173914	0.0	1.0	0.0	0.0	1.0
180504	0.0	1.0	0.0	0.0	0.0
349142	0.0	1.0	0.0	1.0	0.0
275684	0.0	1.0	0.0	0.0	0.0
316665	0.0	1.0	0.0	0.0	0.0
4183249	0.0	1.0	0.0	0.0	0.0
3647536	0.0	1.0	0.0	0.0	0.0
193300	0.0	1.0	0.0	1.0	0.0
14030	0.0	1.0	0.0	0.0	0.0
229073	0.0	1.0	0.0	0.0	0.0
3111445	0.0	1.0	0.0	0.0	1.0
274603	0.0	1.0	0.0	0.0	0.0
3679698	0.0	1.0	0.0	0.0	0.0
367610	0.0	1.0	0.0	0.0	0.0
185441	0.0	1.0	0.0	0.0	0.0
352008	0.0	1.0	0.0	0.0	0.0
4483366	0.0	1.0	0.0	0.0	0.0
181237	0.0	1.0	0.0	0.0	0.0
363692	0.0	1.0	1.0	0.0	1.0
3052115	0.0	1.0	0.0	0.0	0.0
268487	0.0	1.0	0.0	0.0	0.0
307452	0.0	1.0	0.0	0.0	0.0
180215	0.0	1.0	0.0	1.0	1.0
2911372	0.0	1.0	0.0	0.0	0.0
1962281	0.0	1.0	0.0	0.0	0.0
198434	0.0	1.0	0.0	0.0	0.0
3826177	0.0	1.0	0.0	0.0	0.0
4388396	0.0	1.0	0.0	0.0	0.0
228686	0.0	1.0	0.0	0.0	1.0
4372625	0.0	1.0	0.0	0.0	0.0
583406	0.0	1.0	0.0	0.0	0.0
323424	0.0	1.0	0.0	0.0	0.0
2677481	0.0	1.0	0.0	1.0	0.0
4410025	0.0	1.0	0.0	0.0	0.0
198351	0.0	2.0	1.0	1.0	1.0
3971507	0.0	1.0	1.0	1.0	1.0
405726	0.0	1.0	1.0	1.0	2.0
366222	0.0	2.0	1.0	3.0	1.0
195775	0.0	1.0	1.0	2.0	0.0
199520	0.0	3.0	1.0	1.0	2.0
526773	0.0	1.0	1.0	0.0	0.0
367262	0.0	5.0	1.0	2.0	2.0
192740	0.0	1.0	1.0	2.0	0.0
NR_118692	0.0	1.0	1.0	3.0	2.0
AY169419.1.1490	0.0	2.0	1.0	2.0	2.0
3995515	0.0	1.0	5.0	0.0	1.0
4428202	0.0	1.0	5.0	1.0	2.0
196926	0.0	1.0	6.0	0.0	1.0
2085032	0.0	1.0	6.0	0.0	1.0
187324	0.0	1.0	4.0	0.0	1.0
2824377	0.0	1.0	5.0	0.0	2.0
2889500	0.0	1.0	12.0	1.0	3.0
4142051	0.0	1.0	6.0	0.0	0.0
4421200	0.0	1.0	8.0	0.0	0.0
2599837	0.0	1.0	7.0	1.0	0.0
195508	0.0	1.0	8.0	0.0	2.0
851316	0.0	1.0	3.0	0.0	1.0
4392569	0.0	1.0	12.0	0.0	1.0
3778081	0.0	1.0	5.0	1.0	1.0
192253	0.0	1.0	4.0	0.0	1.0
4409351	0.0	1.0	7.0	0.0	2.0
3992501	0.0	1.0	6.0	1.0	1.0
4385318	0.0	1.0	6.0	1.0	5.0
115506	0.0	1.0	0.0	1.0	0.0
115991	0.0	1.0	0.0	1.0	0.0
2888723	0.0	1.0	0.0	1.0	0.0
4374240	0.0	1.0	0.0	1.0	1.0
341421	0.0	1.0	0.0	1.0	0.0
197763	0.0	1.0	0.0	1.0	1.0
532450	0.0	1.0	0.0	1.0	1.0
526674	0.0	1.0	0.0	1.0	1.0
528783	0.0	1.0	0.0	1.0	0.0
531120	0.0	1.0	1.0	1.0	1.0
4415433	0.0	1.0	1.0	1.0	0.0
523335	0.0	1.0	0.0	1.0	0.0
517619	0.0	1.0	0.0	1.0	1.0
844466	0.0	1.0	0.0	1.0	0.0
531614	0.0	1.0	0.0	1.0	1.0
339221	0.0	1.0	0.0	1.0	1.0
333074	0.0	1.0	0.0	1.0	1.0
521737	0.0	1.0	0.0	1.0	0.0
530738	0.0	1.0	1.0	0.0	1.0
346938	0.0	1.0	0.0	1.0	1.0
524100	0.0	1.0	0.0	1.0	0.0
521783	0.0	1.0	0.0	1.0	1.0
2280817	0.0	1.0	0.0	1.0	0.0
523522	0.0	1.0	1.0	1.0	0.0
4313208	0.0	1.0	0.0	1.0	0.0
531173	0.0	1.0	0.0	1.0	1.0
293717	0.0	1.0	0.0	1.0	1.0
844594	0.0	1.0	0.0	1.0	0.0
4446025	0.0	1.0	0.0	1.0	1.0
4409103	0.0	1.0	0.0	1.0	1.0
360425	0.0	1.0	0.0	1.0	1.0
519166	0.0	1.0	1.0	1.0	1.0
302911	0.0	1.0	1.0	1.0	1.0
532013	0.0	1.0	0.0	1.0	1.0
524964	0.0	1.0	0.0	1.0	1.0
4298650	0.0	1.0	0.0	1.0	1.0
522853	0.0	1.0	0.0	1.0	1.0
513377	0.0	1.0	0.0	1.0	1.0
522642	0.0	1.0	0.0	1.0	1.0
692019	0.0	1.0	0.0	1.0	1.0
909561	0.0	1.0	0.0	1.0	1.0
178860	0.0	1.0	0.0	1.0	1.0
214609	0.0	1.0	0.0	1.0	1.0
289983	0.0	1.0	0.0	1.0	1.0
4367810	0.0	1.0	0.0	1.0	1.0
524827	0.0	1.0	0.0	1.0	1.0
523443	0.0	1.0	0.0	1.0	1.0
287476	0.0	1.0	0.0	1.0	0.0
533320	0.0	1.0	0.0	1.0	1.0
546206	0.0	1.0	0.0	1.0	1.0
511743	0.0	1.0	0.0	0.0	1.0
524072	0.0	1.0	1.0	1.0	1.0
518747	0.0	1.0	0.0	1.0	1.0
293843	0.0	1.0	0.0	1.0	1.0
512781	0.0	1.0	0.0	0.0	1.0
295421	0.0	1.0	0.0	1.0	1.0
364967	0.0	1.0	0.0	1.0	1.0
4406684	0.0	1.0	0.0	1.0	1.0
194294	0.0	1.0	1.0	1.0	1.0
518150	0.0	1.0	0.0	1.0	1.0
635544	0.0	1.0	0.0	1.0	1.0
189083	0.0	1.0	0.0	1.0	1.0
4357682	0.0	1.0	0.0	1.0	1.0
527203	0.0	1.0	0.0	0.0	1.0
629970	0.0	1.0	0.0	1.0	1.0
292634	0.0	1.0	0.0	1.0	1.0
369435	0.0	1.0	0.0	1.0	1.0
4377046	0.0	1.0	0.0	1.0	1.0
178387	0.0	1.0	0.0	1.0	1.0
338913	0.0	1.0	0.0	1.0	1.0
579740	0.0	1.0	0.0	1.0	1.0
842874	0.0	1.0	0.0	0.0	1.0
521203	0.0	1.0	0.0	1.0	1.0
848619	0.0	1.0	0.0	1.0	1.0
528329	0.0	1.0	0.0	1.0	1.0
198502	0.0	1.0	0.0	1.0	1.0
851016	0.0	1.0	0.0	1.0	1.0
528488	0.0	1.0	0.0	1.0	1.0
245767	0.0	1.0	0.0	1.0	1.0
530319	0.0	1.0	0.0	0.0	1.0
4309368	0.0	1.0	0.0	1.0	1.0
294560	0.0	1.0	0.0	1.0	1.0
NR_113411	0.0	1.0	0.0	1.0	1.0
3028550	0.0	1.0	0.0	1.0	1.0
645768	0.0	1.0	0.0	1.0	1.0
514723	0.0	1.0	0.0	1.0	1.0
292921	0.0	1.0	0.0	1.0	0.0
516236	0.0	1.0	0.0	1.0	1.0
191586	0.0	1.0	0.0	1.0	1.0
301048	0.0	1.0	0.0	1.0	1.0
291752	0.0	1.0	0.0	1.0	1.0
525355	0.0	1.0	0.0	1.0	1.0
190025	0.0	1.0	0.0	1.0	0.0
515734	0.0	1.0	0.0	1.0	1.0
521199	0.0	1.0	0.0	0.0	1.0
610859	0.0	1.0	0.0	1.0	1.0
329693	0.0	1.0	0.0	1.0	1.0
38507	0.0	1.0	1.0	1.0	1.0
517691	0.0	1.0	0.0	1.0	1.0
529534	0.0	1.0	0.0	1.0	1.0
516259	0.0	1.0	0.0	1.0	1.0
516325	0.0	1.0	0.0	1.0	1.0
531755	0.0	1.0	0.0	1.0	1.0
313329	0.0	1.0	0.0	1.0	1.0
210523	0.0	1.0	0.0	1.0	1.0
515539	0.0	1.0	0.0	1.0	1.0
520056	0.0	1.0	0.0	1.0	1.0
560771	0.0	1.0	1.0	1.0	0.0
516894	0.0	1.0	0.0	1.0	1.0
527333	0.0	1.0	0.0	1.0	1.0
4459041	0.0	1.0	0.0	1.0	1.0
529428	0.0	1.0	0.0	1.0	1.0
307154	0.0	1.0	0.0	1.0	1.0
4318208	0.0	1.0	0.0	1.0	1.0
530948	0.0	1.0	1.0	1.0	1.0
582564	0.0	1.0	0.0	1.0	1.0
513870	0.0	1.0	0.0	1.0	1.0
925131	0.0	1.0	0.0	1.0	1.0
321308	0.0	1.0	0.0	1.0	1.0
317337	0.0	1.0	1.0	1.0	1.0
849060	0.0	1.0	0.0	1.0	1.0
525511	0.0	1.0	0.0	1.0	0.0
3091637	0.0	1.0	1.0	1.0	1.0
330205	0.0	1.0	0.0	0.0	0.0
592140	0.0	1.0	0.0	1.0	1.0
515381	0.0	1.0	0.0	1.0	0.0
515108	0.0	1.0	1.0	1.0	1.0
512004	0.0	1.0	0.0	1.0	1.0
122608	0.0	1.0	0.0	1.0	1.0
655310	0.0	1.0	0.0	1.0	1.0
187628	0.0	1.0	0.0	1.0	1.0
519695	0.0	1.0	0.0	1.0	1.0
198786	0.0	1.0	0.0	1.0	1.0
517908	0.0	1.0	0.0	1.0	0.0
4437108	0.0	1.0	0.0	1.0	1.0
523498	0.0	1.0	0.0	1.0	0.0
522099	0.0	1.0	0.0	0.0	1.0
632169	0.0	1.0	0.0	1.0	1.0
4335530	0.0	1.0	1.0	1.0	1.0
4372155	0.0	1.0	0.0	1.0	0.0
586354	0.0	1.0	0.0	1.0	1.0
514269	0.0	1.0	0.0	1.0	1.0
197994	0.0	1.0	0.0	1.0	0.0
293127	0.0	1.0	0.0	1.0	0.0
512515	0.0	1.0	0.0	1.0	0.0
530531	0.0	1.0	0.0	1.0	1.0
303283	0.0	1.0	0.0	1.0	1.0
850034	0.0	1.0	0.0	1.0	0.0
363513	0.0	1.0	0.0	1.0	1.0
525322	0.0	1.0	0.0	1.0	0.0
185170	0.0	1.0	0.0	1.0	0.0
513242	0.0	1.0	0.0	1.0	1.0
4475169	0.0	1.0	0.0	1.0	1.0
527941	0.0	1.0	0.0	1.0	1.0
538485	0.0	1.0	0.0	0.0	1.0
343590	0.0	1.0	0.0	1.0	0.0
516837	0.0	1.0	0.0	1.0	1.0
521915	0.0	1.0	0.0	1.0	1.0
519443	0.0	1.0	0.0	1.0	1.0
515870	0.0	1.0	0.0	1.0	0.0
1108595	0.0	1.0	0.0	1.0	0.0
533771	0.0	1.0	0.0	0.0	1.0
521431	0.0	1.0	0.0	1.0	1.0
1763824	0.0	1.0	0.0	1.0	1.0
529311	0.0	1.0	0.0	1.0	1.0
558839	0.0	1.0	0.0	1.0	1.0
4452449	0.0	1.0	0.0	1.0	1.0
550372	0.0	1.0	0.0	1.0	1.0
345899	0.0	1.0	0.0	0.0	0.0
522413	0.0	1.0	0.0	1.0	1.0
509703	0.0	1.0	0.0	1.0	0.0
4436552	0.0	1.0	0.0	1.0	0.0
848314	0.0	1.0	0.0	1.0	1.0
515995	0.0	1.0	0.0	1.0	0.0
513326	0.0	1.0	0.0	1.0	0.0
845644	0.0	1.0	0.0	1.0	1.0
333028	0.0	1.0	1.0	1.0	1.0
588173	0.0	1.0	1.0	1.0	1.0
298189	0.0	1.0	0.0	1.0	1.0
517143	0.0	1.0	0.0	1.0	1.0
526034	0.0	1.0	0.0	1.0	1.0
300684	0.0	1.0	0.0	1.0	1.0
4298648	0.0	1.0	0.0	1.0	1.0
515521	0.0	1.0	0.0	1.0	1.0
296442	0.0	1.0	0.0	1.0	0.0
586062	0.0	1.0	0.0	1.0	1.0
531139	0.0	1.0	0.0	1.0	1.0
4344909	0.0	1.0	0.0	1.0	1.0
592925	0.0	1.0	0.0	1.0	1.0
520593	0.0	1.0	0.0	1.0	1.0
524909	0.0	1.0	0.0	1.0	1.0
4410567	0.0	1.0	0.0	1.0	1.0
728234	0.0	1.0	0.0	0.0	1.0
516274	0.0	1.0	1.0	1.0	1.0
4459159	0.0	1.0	0.0	1.0	0.0
582363	0.0	1.0	0.0	1.0	1.0
589891	0.0	1.0	0.0	1.0	1.0
843563	0.0	1.0	0.0	1.0	1.0
338752	0.0	1.0	0.0	1.0	1.0
4410166	0.0	1.0	1.0	1.0	0.0
4298748	0.0	1.0	0.0	1.0	1.0
4420980	0.0	1.0	0.0	1.0	1.0
151386	0.0	1.0	0.0	1.0	1.0
509636	0.0	1.0	0.0	1.0	1.0
339561	0.0	1.0	0.0	1.0	0.0
307571	0.0	1.0	1.0	1.0	1.0
294521	0.0	1.0	0.0	1.0	1.0
290254	0.0	1.0	0.0	1.0	1.0
521640	0.0	1.0	0.0	1.0	0.0
309399	0.0	1.0	0.0	0.0	1.0
525064	0.0	1.0	0.0	1.0	1.0
526273	0.0	1.0	0.0	1.0	1.0
292041	0.0	1.0	0.0	1.0	1.0
117761	0.0	1.0	0.0	1.0	0.0
520573	0.0	1.0	0.0	1.0	1.0
272155	0.0	1.0	0.0	1.0	1.0
578496	0.0	1.0	0.0	1.0	1.0
360096	0.0	1.0	0.0	1.0	1.0
174831	0.0	1.0	1.0	0.0	1.0
521513	0.0	1.0	0.0	1.0	1.0
521784	0.0	1.0	1.0	0.0	1.0
348750	0.0	1.0	0.0	1.0	1.0
526031	0.0	1.0	0.0	1.0	1.0
182798	0.0	1.0	0.0	1.0	1.0
4364958	0.0	1.0	0.0	1.0	1.0
4439144	0.0	1.0	0.0	1.0	1.0
510759	0.0	1.0	0.0	1.0	1.0
588647	0.0	1.0	0.0	0.0	1.0
519550	0.0	1.0	0.0	1.0	1.0
515082	0.0	1.0	0.0	1.0	1.0
189521	0.0	1.0	0.0	1.0	1.0
2255989	0.0	1.0	0.0	1.0	1.0
329280	0.0	1.0	0.0	1.0	1.0
577027	0.0	1.0	0.0	1.0	1.0
302389	0.0	1.0	0.0	1.0	1.0
ACBX02000025.1.1217	0.0	1.0	0.0	1.0	1.0
4347155	0.0	1.0	0.0	1.0	1.0
518820	0.0	1.0	0.0	1.0	1.0
519998	0.0	1.0	0.0	1.0	1.0
843421	0.0	1.0	0.0	1.0	1.0
521760	0.0	1.0	0.0	1.0	1.0
526437	0.0	1.0	1.0	0.0	1.0
523308	0.0	1.0	0.0	1.0	1.0
520785	0.0	1.0	0.0	1.0	1.0
324843	0.0	1.0	0.0	0.0	1.0
304383	0.0	11.0	4.0	7.0	5.0
220168	0.0	14.0	1.0	6.0	4.0
362501	0.0	10.0	0.0	9.0	2.0
513664	0.0	1.0	0.0	0.0	1.0
516337	0.0	1.0	0.0	0.0	0.0
509058	0.0	1.0	0.0	0.0	0.0
532305	0.0	1.0	0.0	0.0	0.0
513890	0.0	1.0	1.0	0.0	0.0
514475	0.0	1.0	0.0	0.0	0.0
518690	0.0	1.0	0.0	0.0	0.0
512110	0.0	1.0	0.0	0.0	0.0
2658055	0.0	1.0	0.0	0.0	0.0
526987	0.0	1.0	0.0	0.0	0.0
3186217	0.0	1.0	0.0	0.0	0.0
526276	0.0	1.0	1.0	0.0	0.0
528110	0.0	1.0	0.0	0.0	0.0
524611	0.0	1.0	0.0	0.0	0.0
522180	0.0	1.0	0.0	0.0	1.0
4321535	0.0	1.0	1.0	0.0	0.0
523441	0.0	1.0	0.0	1.0	0.0
362132	0.0	1.0	0.0	0.0	0.0
528224	0.0	1.0	0.0	1.0	1.0
523330	0.0	1.0	0.0	0.0	0.0
269937	0.0	1.0	0.0	0.0	0.0
518964	0.0	1.0	1.0	0.0	0.0
515254	0.0	1.0	0.0	0.0	0.0
510079	0.0	1.0	0.0	0.0	0.0
531944	0.0	1.0	0.0	0.0	1.0
527014	0.0	1.0	1.0	1.0	0.0
519800	0.0	1.0	0.0	1.0	0.0
532140	0.0	1.0	0.0	0.0	0.0
516564	0.0	1.0	1.0	1.0	0.0
515286	0.0	1.0	0.0	0.0	0.0
514471	0.0	1.0	0.0	0.0	0.0
527502	0.0	1.0	0.0	0.0	0.0
518560	0.0	1.0	0.0	0.0	0.0
514858	0.0	1.0	0.0	0.0	0.0
360058	0.0	1.0	2.0	1.0	0.0
4449055	0.0	3.0	2.0	1.0	2.0
342862	0.0	1.0	1.0	0.0	1.0
330760	0.0	4.0	3.0	1.0	1.0
352617	0.0	3.0	4.0	0.0	2.0
370105	0.0	2.0	1.0	2.0	2.0
351404	0.0	3.0	0.0	4.0	1.0
339646	0.0	2.0	1.0	2.0	3.0
185242	0.0	1.0	1.0	1.0	0.0
LT630450.931183.932732	0.0	2.0	4.0	3.0	5.0
AY608696	0.0	7.0	4.0	6.0	3.0
191036	0.0	1.0	0.0	0.0	3.0
289480	0.0	1.0	0.0	0.0	5.0
530120	0.0	1.0	0.0	1.0	2.0
531210	0.0	1.0	0.0	0.0	3.0
291420	0.0	1.0	0.0	1.0	2.0
191739	0.0	1.0	1.0	0.0	2.0
4434117	0.0	1.0	1.0	0.0	2.0
189835	0.0	1.0	0.0	1.0	1.0
525241	0.0	1.0	0.0	0.0	1.0
514773	0.0	1.0	0.0	1.0	3.0
4331880	0.0	1.0	1.0	1.0	3.0
177345	0.0	1.0	0.0	1.0	2.0
515578	0.0	1.0	0.0	0.0	1.0
470369	0.0	1.0	0.0	0.0	0.0
274849	0.0	1.0	1.0	0.0	2.0
288163	0.0	1.0	0.0	0.0	2.0
182483	0.0	1.0	0.0	1.0	0.0
329820	0.0	1.0	0.0	0.0	1.0
791348	0.0	6.0	0.0	5.0	4.0
199358	0.0	1.0	0.0	0.0	0.0
3186757	0.0	1.0	0.0	0.0	0.0
188796	0.0	1.0	0.0	0.0	0.0
191316	0.0	1.0	0.0	0.0	0.0
194657	0.0	1.0	0.0	0.0	0.0
198247	0.0	1.0	0.0	0.0	0.0
351163	0.0	1.0	0.0	0.0	0.0
195336	0.0	1.0	0.0	0.0	0.0
ABJL02000007.1225076.1226586	0.0	4.0	4.0	1.0	2.0
CZCB01030542.989.2528	0.0	48.0	26.0	10.0	31.0
AB030224	0.0	5.0	2.0	1.0	1.0
AB030222.1.1486	0.0	6.0	2.0	1.0	1.0
AB643465.1.1491	0.0	4.0	2.0	1.0	0.0
AB030223.1.1490	0.0	7.0	5.0	1.0	1.0
AB030221.1.1488	0.0	5.0	3.0	1.0	1.0
AB030226.1.1486	0.0	8.0	2.0	1.0	1.0
AB030225.1.1491	0.0	5.0	0.0	1.0	0.0
KR364760	0.0	20.0	12.0	7.0	7.0
DQ100445.1.1484	0.0	18.0	0.0	0.0	0.0
GU585669	0.0	5.0	8.0	8.0	13.0
L37785.1.1419	0.0	12.0	11.0	8.0	17.0
LV464906.6.1393	0.0	1.0	4.0	0.0	0.0
CP011013.2095218.2096813	0.0	2.0	2.0	0.0	0.0
4358602	0.0	3.0	2.0	0.0	0.0
780561	0.0	3.0	1.0	0.0	0.0
KF152964.1.1342	0.0	1.0	1.0	0.0	0.0
685156	0.0	2.0	3.0	0.0	0.0
338757	0.0	1.0	2.0	0.0	0.0
519743	0.0	2.0	4.0	0.0	0.0
AB186326.1.1515	0.0	1.0	1.0	0.0	0.0
AY538170	0.0	13.0	0.0	0.0	0.0
AF432140.1.1538	0.0	13.0	10.0	0.0	7.0
AJ518869	0.0	11.0	0.0	7.0	9.0
KC427984.1.1482	0.0	2.0	1.0	1.0	5.0
CP022723.252533.254071	0.0	6.0	2.0	1.0	3.0
365385	0.0	2.0	0.0	1.0	1.0
U25952	0.0	1.0	2.0	0.0	1.0
KX570900.1.1529	0.0	1.0	0.0	0.0	0.0
AB976554.1.1526	0.0	1.0	0.0	0.0	0.0
AF519171	0.0	1.0	0.0	0.0	0.0
AF243173.1.1518	0.0	1.0	0.0	0.0	0.0
AB976553.1.1512	0.0	1.0	0.0	0.0	0.0
AB008209.1.1566	0.0	1.0	0.0	0.0	0.0
AB976551.1.1505	0.0	1.0	0.0	0.0	0.0
KF738665.1.1553	0.0	1.0	0.0	0.0	0.0
AB976550.1.1518	0.0	1.0	0.0	0.0	0.0
MH111675.1.1448	0.0	1.0	0.0	0.0	0.0
AB976555.1.1487	0.0	1.0	0.0	0.0	0.0
L16475	0.0	1.0	1.0	16.0	2.0
AJVZ01000011.66937.68447	0.0	4.0	1.0	14.0	0.0
AJVZ01000014.101467.102975	0.0	2.0	1.0	13.0	1.0
KF999877.1.1488	0.0	2.0	0.0	16.0	3.0
NR_113096	0.0	2.0	1.0	16.0	3.0
NR_165699	0.0	9.0	3.0	0.0	0.0
LT635479.2018833.2020346	0.0	8.0	0.0	0.0	10.0
570230	0.0	2.0	0.0	0.0	1.0
AQHW01000007.13.1527	0.0	2.0	0.0	1.0	0.0
LG086019.1.1326	0.0	1.0	0.0	1.0	1.0
150412	0.0	1.0	0.0	1.0	1.0
194286	0.0	1.0	0.0	1.0	0.0
AB470343	0.0	1.0	0.0	1.0	1.0
HW313925.4.1456	0.0	1.0	0.0	0.0	0.0
AB571656	0.0	2.0	0.0	0.0	0.0
KX594322.1.1461	0.0	2.0	0.0	0.0	0.0
CP022713.3245024.3246565	0.0	2.0	0.0	0.0	0.0
HW313949.1.1493	0.0	1.0	0.0	0.0	0.0
AF481205.1.1486	0.0	3.0	0.0	2.0	0.0
AF481204.1.1484	0.0	2.0	0.0	3.0	0.0
AF481206.1.1484	0.0	2.0	0.0	3.0	0.0
LN998062	0.0	7.0	10.0	8.0	4.0
GU470904.1	0.0	1.0	1.0	2.0	0.0
AF473834	0.0	4.0	4.0	1.0	0.0
KC632239.1.1415	0.0	2.0	1.0	3.0	0.0
AJ278695.1.1412	0.0	3.0	1.0	0.0	0.0
AJ278694.1.1411	0.0	1.0	1.0	1.0	0.0
AM419460	0.0	1.0	1.0	3.0	0.0
AM419459.1.1482	0.0	1.0	1.0	2.0	0.0
MF469066	0.0	6.0	0.0	0.0	10.0
JTDA01000039	0.0	5.0	6.0	3.0	13.0
AY136666	0.0	3.0	2.0	5.0	0.0
NZ_AAXG02000048.1	0.0	2.0	3.0	3.0	0.0
CP027226.1150629.1152167	0.0	4.0	0.0	0.0	0.0
AJ575187	0.0	1.0	0.0	0.0	0.0
AF537211	0.0	3.0	0.0	2.0	0.0
NR_119037	0.0	2.0	0.0	5.0	0.0
EU526290	0.0	4.0	0.0	0.0	6.0
EU377662.1.1346	0.0	4.0	0.0	0.0	0.0
KP322014	0.0	2.0	0.0	0.0	0.0
KU245707.1.1441	0.0	2.0	0.0	0.0	0.0
AF338413	0.0	4.0	0.0	7.0	0.0
GU938836	0.0	3.0	0.0	6.0	0.0
EF382648	0.0	3.0	0.0	0.0	0.0
HQ452864	0.0	3.0	5.0	4.0	4.0
AB916502	0.0	3.0	13.0	0.0	6.0
ACEC01000059.3517.5032	0.0	3.0	0.0	0.0	5.0
105753	0.0	1.0	0.0	0.0	0.0
571111	0.0	1.0	0.0	1.0	0.0
1110988	0.0	1.0	0.0	0.0	0.0
365540	0.0	0.0	1.0	0.0	1.0
362647	0.0	0.0	1.0	1.0	1.0
365551	0.0	0.0	1.0	0.0	1.0
190696	0.0	0.0	1.0	0.0	1.0
526506	0.0	0.0	1.0	0.0	1.0
189282	0.0	0.0	1.0	1.0	1.0
361990	0.0	0.0	1.0	0.0	1.0
157562	0.0	0.0	1.0	1.0	0.0
210812	0.0	0.0	1.0	1.0	1.0
520517	0.0	0.0	1.0	0.0	0.0
4482786	0.0	0.0	1.0	1.0	1.0
175020	0.0	0.0	1.0	1.0	0.0
587588	0.0	0.0	1.0	0.0	0.0
204236	0.0	0.0	1.0	0.0	1.0
3915210	0.0	0.0	1.0	0.0	0.0
122231	0.0	0.0	1.0	1.0	1.0
520109	0.0	0.0	1.0	1.0	0.0
514850	0.0	0.0	1.0	1.0	1.0
4440006	0.0	0.0	1.0	1.0	0.0
360237	0.0	0.0	1.0	1.0	1.0
157668	0.0	0.0	1.0	0.0	1.0
206782	0.0	0.0	1.0	0.0	0.0
365095	0.0	0.0	1.0	0.0	1.0
524386	0.0	0.0	1.0	1.0	0.0
355240	0.0	0.0	1.0	0.0	0.0
4398129	0.0	0.0	1.0	0.0	0.0
357060	0.0	0.0	1.0	1.0	1.0
3505877	0.0	0.0	1.0	1.0	0.0
4431988	0.0	0.0	1.0	0.0	0.0
1813485	0.0	0.0	1.0	1.0	0.0
150495	0.0	0.0	1.0	1.0	1.0
4469165	0.0	0.0	1.0	1.0	1.0
363442	0.0	0.0	1.0	1.0	0.0
189937	0.0	0.0	1.0	1.0	0.0
191186	0.0	0.0	1.0	0.0	0.0
516818	0.0	0.0	1.0	1.0	0.0
196488	0.0	0.0	1.0	0.0	0.0
3643403	0.0	0.0	1.0	0.0	0.0
2648686	0.0	0.0	1.0	0.0	0.0
527250	0.0	0.0	1.0	0.0	0.0
4370946	0.0	0.0	1.0	1.0	0.0
4437209	0.0	0.0	1.0	0.0	1.0
528652	0.0	0.0	1.0	1.0	0.0
158997	0.0	0.0	1.0	1.0	0.0
991071	0.0	0.0	1.0	1.0	0.0
3374533	0.0	0.0	1.0	1.0	0.0
194383	0.0	0.0	1.0	1.0	1.0
1898096	0.0	0.0	1.0	1.0	0.0
347325	0.0	0.0	1.0	1.0	0.0
364449	0.0	0.0	1.0	0.0	0.0
842197	0.0	0.0	1.0	0.0	1.0
530685	0.0	0.0	1.0	0.0	1.0
27857	0.0	0.0	1.0	0.0	0.0
191097	0.0	0.0	1.0	1.0	1.0
4473675	0.0	0.0	1.0	1.0	0.0
354387	0.0	0.0	1.0	1.0	0.0
4444874	0.0	0.0	1.0	0.0	0.0
323727	0.0	0.0	1.0	0.0	1.0
185244	0.0	0.0	1.0	0.0	0.0
368452	0.0	0.0	2.0	0.0	1.0
588591	0.0	0.0	2.0	0.0	1.0
190681	0.0	0.0	3.0	0.0	1.0
359380	0.0	0.0	1.0	0.0	1.0
365115	0.0	0.0	2.0	0.0	0.0
899714	0.0	0.0	1.0	1.0	0.0
192330	0.0	0.0	2.0	1.0	0.0
593939	0.0	0.0	1.0	1.0	0.0
331760	0.0	0.0	1.0	1.0	0.0
359105	0.0	0.0	1.0	0.0	0.0
2545906	0.0	0.0	2.0	1.0	1.0
559416	0.0	0.0	1.0	1.0	3.0
4341243	0.0	0.0	3.0	1.0	5.0
210264	0.0	0.0	1.0	0.0	3.0
840027	0.0	0.0	2.0	1.0	5.0
4338301	0.0	0.0	1.0	1.0	3.0
3547851	0.0	0.0	1.0	1.0	5.0
1624386	0.0	0.0	1.0	1.0	3.0
320373	0.0	0.0	1.0	0.0	0.0
260529	0.0	0.0	1.0	0.0	0.0
JN713312.1.1522	0.0	0.0	1.0	0.0	0.0
297509	0.0	0.0	1.0	1.0	0.0
1607371	0.0	0.0	1.0	0.0	1.0
259087	0.0	0.0	1.0	0.0	0.0
3783179	0.0	0.0	1.0	0.0	0.0
184810	0.0	0.0	1.0	0.0	0.0
179279	0.0	0.0	1.0	0.0	0.0
190711	0.0	0.0	1.0	0.0	1.0
265503	0.0	0.0	1.0	0.0	0.0
306914	0.0	0.0	1.0	0.0	0.0
193702	0.0	0.0	1.0	0.0	0.0
3252949	0.0	0.0	1.0	0.0	0.0
176963	0.0	0.0	1.0	0.0	0.0
174577	0.0	0.0	1.0	2.0	1.0
183125	0.0	0.0	1.0	1.0	1.0
181685	0.0	0.0	1.0	2.0	3.0
185148	0.0	0.0	1.0	1.0	1.0
81645	0.0	0.0	1.0	1.0	1.0
519342	0.0	0.0	1.0	1.0	1.0
531114	0.0	0.0	1.0	1.0	0.0
560836	0.0	0.0	1.0	1.0	1.0
520955	0.0	0.0	1.0	1.0	0.0
327728	0.0	0.0	1.0	1.0	0.0
326482	0.0	0.0	1.0	1.0	0.0
527874	0.0	0.0	1.0	0.0	1.0
517572	0.0	0.0	1.0	1.0	0.0
525306	0.0	0.0	1.0	1.0	1.0
186364	0.0	0.0	1.0	1.0	0.0
301626	0.0	0.0	1.0	1.0	0.0
4314088	0.0	0.0	1.0	1.0	0.0
185647	0.0	0.0	1.0	1.0	1.0
779876	0.0	0.0	1.0	1.0	0.0
4310644	0.0	0.0	1.0	1.0	1.0
529800	0.0	0.0	1.0	1.0	1.0
4456491	0.0	0.0	1.0	1.0	0.0
123983	0.0	0.0	1.0	1.0	0.0
515982	0.0	0.0	1.0	0.0	1.0
515189	0.0	0.0	1.0	1.0	0.0
329650	0.0	0.0	1.0	1.0	0.0
530487	0.0	0.0	1.0	1.0	1.0
525461	0.0	0.0	1.0	1.0	1.0
519101	0.0	0.0	1.0	0.0	0.0
531254	0.0	0.0	1.0	1.0	1.0
530725	0.0	0.0	1.0	1.0	1.0
302813	0.0	0.0	1.0	0.0	0.0
529271	0.0	0.0	1.0	1.0	1.0
519697	0.0	0.0	1.0	1.0	1.0
512058	0.0	0.0	1.0	1.0	0.0
520487	0.0	0.0	1.0	0.0	0.0
193200	0.0	0.0	1.0	0.0	0.0
4244333	0.0	0.0	1.0	0.0	0.0
514967	0.0	0.0	1.0	1.0	0.0
308569	0.0	0.0	3.0	2.0	4.0
AB050107	0.0	0.0	1.0	1.0	2.0
333904	0.0	0.0	1.0	2.0	1.0
193710	0.0	0.0	1.0	1.0	4.0
146665	0.0	0.0	1.0	1.0	1.0
4398077	0.0	0.0	1.0	1.0	3.0
175493	0.0	0.0	1.0	0.0	3.0
189812	0.0	0.0	1.0	0.0	2.0
185627	0.0	0.0	1.0	1.0	1.0
174509	0.0	0.0	1.0	1.0	3.0
187336	0.0	0.0	1.0	1.0	1.0
3263959	0.0	0.0	1.0	0.0	0.0
365181	0.0	0.0	1.0	0.0	0.0
4431189	0.0	0.0	1.0	0.0	0.0
194306	0.0	0.0	1.0	0.0	0.0
2919166	0.0	0.0	1.0	0.0	0.0
AF126738	0.0	0.0	1.0	0.0	0.0
CP011013.1739794.1741389	0.0	0.0	1.0	0.0	0.0
FJ751778.1.1469	0.0	0.0	1.0	0.0	0.0
511327	0.0	0.0	1.0	0.0	0.0
AY694148.1.1466	0.0	0.0	1.0	0.0	2.0
NR_102980	0.0	0.0	2.0	0.0	1.0
DQ146765.1	0.0	0.0	5.0	0.0	0.0
CP009240.2437550.2439118	0.0	0.0	5.0	0.0	0.0
CP027570.739790.741353	0.0	0.0	1.0	0.0	1.0
U95029.1.1425	0.0	0.0	3.0	0.0	2.0
KT006903.1.1475	0.0	0.0	2.0	0.0	2.0
AB491209	0.0	0.0	13.0	0.0	11.0
HQ452857	0.0	0.0	12.0	0.0	0.0
ABAX03000009.608.2045	0.0	0.0	5.0	4.0	1.0
AJ270487	0.0	0.0	3.0	2.0	3.0
AB243986.1	0.0	0.0	3.0	4.0	2.0
CP014229.161956.163509	0.0	0.0	2.0	0.0	0.0
CP014229.562925.564478	0.0	0.0	8.0	0.0	0.0
178213	0.0	0.0	1.0	0.0	0.0
CP003032.1947545.1949071	0.0	0.0	1.0	0.0	0.0
192680	0.0	0.0	1.0	0.0	0.0
MH734098.1.1499	0.0	0.0	1.0	0.0	0.0
CP003032.449057.450583	0.0	0.0	1.0	0.0	0.0
527052	0.0	0.0	1.0	0.0	0.0
CP003032.274311.275837	0.0	0.0	1.0	0.0	0.0
4023733	0.0	0.0	1.0	0.0	0.0
AB326354	0.0	0.0	1.0	0.0	0.0
AM230650	0.0	0.0	3.0	0.0	0.0
NR_112947	0.0	0.0	1.0	0.0	0.0
JQ607157.1.1414	0.0	0.0	2.0	0.0	0.0
CYZS01000414.159.1705	0.0	0.0	1.0	0.0	0.0
JQ607545.1.1416	0.0	0.0	1.0	0.0	0.0
MN851263	0.0	0.0	7.0	0.0	0.0
AJ006965	0.0	0.0	6.0	19.0	0.0
DQ681227.1.1525	0.0	0.0	2.0	2.0	0.0
GU322806.1.1435	0.0	0.0	2.0	1.0	0.0
AF445285	0.0	0.0	1.0	4.0	0.0
CP024698.1061131.1062676	0.0	0.0	1.0	1.0	0.0
CP024703.1338707.1340248	0.0	0.0	1.0	1.0	0.0
CP024700.259628.261175	0.0	0.0	1.0	0.0	0.0
NR_117292	0.0	0.0	1.0	1.0	0.0
X55405	0.0	0.0	1.0	0.0	0.0
JX424772	0.0	0.0	4.0	0.0	28.0
MH814730.1.1417	0.0	0.0	1.0	0.0	0.0
917756	0.0	0.0	1.0	0.0	0.0
AP011540.2241534.2243059	0.0	0.0	1.0	0.0	0.0
523963	0.0	0.0	1.0	0.0	0.0
U49757	0.0	0.0	1.0	0.0	0.0
U49751.1.1497	0.0	0.0	1.0	0.0	0.0
217779	0.0	0.0	1.0	0.0	0.0
U49752.1.1498	0.0	0.0	1.0	0.0	0.0
DQ057476.1.1531	0.0	0.0	4.0	0.0	0.0
GU968181.1.1514	0.0	0.0	1.0	1.0	2.0
AB020729.1.1416	0.0	0.0	1.0	0.0	0.0
AB020806.1.1439	0.0	0.0	1.0	1.0	2.0
KR364749	0.0	0.0	3.0	0.0	0.0
190383	0.0	0.0	0.0	1.0	0.0
208332	0.0	0.0	0.0	1.0	0.0
531453	0.0	0.0	0.0	1.0	0.0
2183898	0.0	0.0	0.0	1.0	0.0
192366	0.0	0.0	0.0	1.0	0.0
201658	0.0	0.0	0.0	1.0	0.0
195250	0.0	0.0	0.0	1.0	0.0
528965	0.0	0.0	0.0	1.0	0.0
196807	0.0	0.0	0.0	1.0	0.0
183138	0.0	0.0	0.0	1.0	0.0
174103	0.0	0.0	0.0	1.0	0.0
179291	0.0	0.0	0.0	1.0	1.0
4476605	0.0	0.0	0.0	1.0	1.0
2338105	0.0	0.0	0.0	1.0	0.0
513260	0.0	0.0	0.0	1.0	1.0
364030	0.0	0.0	0.0	1.0	0.0
358697	0.0	0.0	0.0	1.0	1.0
4428226	0.0	0.0	0.0	1.0	0.0
529824	0.0	0.0	0.0	1.0	0.0
4420829	0.0	0.0	0.0	1.0	0.0
530482	0.0	0.0	0.0	1.0	0.0
4469199	0.0	0.0	0.0	1.0	0.0
AJ413954	0.0	0.0	0.0	1.0	0.0
189893	0.0	0.0	0.0	1.0	1.0
2365398	0.0	0.0	0.0	1.0	0.0
4336406	0.0	0.0	0.0	1.0	0.0
521732	0.0	0.0	0.0	1.0	1.0
179644	0.0	0.0	0.0	1.0	0.0
516245	0.0	0.0	0.0	1.0	0.0
366987	0.0	0.0	0.0	1.0	1.0
520413	0.0	0.0	0.0	1.0	1.0
4466245	0.0	0.0	0.0	1.0	1.0
198978	0.0	0.0	0.0	1.0	1.0
197639	0.0	0.0	0.0	1.0	0.0
358690	0.0	0.0	0.0	1.0	0.0
2333461	0.0	0.0	0.0	1.0	0.0
191348	0.0	0.0	0.0	1.0	0.0
360356	0.0	0.0	0.0	1.0	0.0
2281522	0.0	0.0	0.0	1.0	0.0
1974541	0.0	0.0	0.0	1.0	0.0
510844	0.0	0.0	0.0	1.0	0.0
361810	0.0	0.0	0.0	1.0	0.0
526881	0.0	0.0	0.0	1.0	0.0
177878	0.0	0.0	0.0	1.0	1.0
850405	0.0	0.0	0.0	1.0	0.0
184897	0.0	0.0	0.0	1.0	0.0
290650	0.0	0.0	0.0	1.0	0.0
359082	0.0	0.0	0.0	1.0	0.0
176638	0.0	0.0	0.0	1.0	0.0
966069	0.0	0.0	0.0	1.0	1.0
2231398	0.0	0.0	0.0	1.0	6.0
LC033797.1.1486	0.0	0.0	0.0	1.0	2.0
1658194	0.0	0.0	0.0	1.0	6.0
4358574	0.0	0.0	0.0	1.0	2.0
271585	0.0	0.0	0.0	1.0	0.0
4438330	0.0	0.0	0.0	1.0	0.0
4371719	0.0	0.0	0.0	1.0	0.0
3401807	0.0	0.0	0.0	1.0	0.0
4464473	0.0	0.0	0.0	1.0	1.0
3321163	0.0	0.0	0.0	1.0	1.0
3601770	0.0	0.0	0.0	1.0	0.0
1830364	0.0	0.0	0.0	1.0	0.0
358953	0.0	0.0	0.0	1.0	0.0
199753	0.0	0.0	0.0	1.0	0.0
174162	0.0	0.0	0.0	1.0	1.0
27071	0.0	0.0	0.0	1.0	1.0
2479014	0.0	0.0	0.0	1.0	0.0
352445	0.0	0.0	0.0	1.0	0.0
279026	0.0	0.0	0.0	1.0	0.0
4330142	0.0	0.0	0.0	1.0	0.0
110221	0.0	0.0	0.0	1.0	0.0
4388900	0.0	0.0	0.0	1.0	1.0
2963627	0.0	0.0	0.0	1.0	1.0
290398	0.0	0.0	0.0	1.0	0.0
1565017	0.0	0.0	0.0	1.0	0.0
296869	0.0	0.0	0.0	1.0	0.0
178022	0.0	0.0	0.0	1.0	0.0
191205	0.0	0.0	0.0	1.0	0.0
316037	0.0	0.0	0.0	1.0	0.0
322112	0.0	0.0	0.0	1.0	1.0
195444	0.0	0.0	0.0	1.0	0.0
198490	0.0	0.0	0.0	1.0	1.0
299070	0.0	0.0	0.0	1.0	0.0
3433845	0.0	0.0	0.0	1.0	0.0
266842	0.0	0.0	0.0	1.0	1.0
269169	0.0	0.0	0.0	1.0	0.0
3572894	0.0	0.0	0.0	1.0	0.0
274491	0.0	0.0	0.0	1.0	0.0
261779	0.0	0.0	0.0	1.0	0.0
340738	0.0	0.0	0.0	1.0	0.0
333420	0.0	0.0	0.0	1.0	1.0
355468	0.0	0.0	0.0	1.0	0.0
313922	0.0	0.0	0.0	1.0	0.0
193769	0.0	0.0	0.0	1.0	0.0
350664	0.0	0.0	0.0	1.0	1.0
188860	0.0	0.0	0.0	1.0	0.0
195729	0.0	0.0	0.0	1.0	0.0
3320406	0.0	0.0	0.0	1.0	1.0
287717	0.0	0.0	0.0	1.0	0.0
4357680	0.0	0.0	0.0	1.0	1.0
189432	0.0	0.0	0.0	1.0	1.0
515162	0.0	0.0	0.0	1.0	1.0
4408223	0.0	0.0	0.0	1.0	1.0
190526	0.0	0.0	0.0	1.0	1.0
188629	0.0	0.0	0.0	1.0	0.0
519915	0.0	0.0	0.0	1.0	1.0
515170	0.0	0.0	0.0	1.0	0.0
518325	0.0	0.0	0.0	1.0	1.0
523252	0.0	0.0	0.0	1.0	1.0
529337	0.0	0.0	0.0	1.0	0.0
521356	0.0	0.0	0.0	1.0	0.0
196806	0.0	0.0	0.0	1.0	0.0
523090	0.0	0.0	0.0	1.0	0.0
4295618	0.0	0.0	0.0	1.0	1.0
2037235	0.0	0.0	0.0	1.0	0.0
323619	0.0	0.0	0.0	1.0	0.0
566574	0.0	0.0	0.0	1.0	0.0
404901	0.0	0.0	0.0	1.0	1.0
523357	0.0	0.0	0.0	1.0	1.0
3035308	0.0	0.0	0.0	1.0	0.0
529505	0.0	0.0	0.0	1.0	1.0
588929	0.0	0.0	0.0	1.0	1.0
521450	0.0	0.0	0.0	1.0	1.0
523487	0.0	0.0	0.0	1.0	1.0
849493	0.0	0.0	0.0	1.0	1.0
529745	0.0	0.0	0.0	1.0	1.0
513335	0.0	0.0	0.0	1.0	1.0
116450	0.0	0.0	0.0	1.0	1.0
4437101	0.0	0.0	0.0	1.0	1.0
356625	0.0	0.0	0.0	1.0	0.0
176675	0.0	0.0	0.0	1.0	0.0
513249	0.0	0.0	0.0	1.0	0.0
4326687	0.0	0.0	0.0	1.0	0.0
513003	0.0	0.0	0.0	1.0	0.0
4482723	0.0	0.0	0.0	1.0	0.0
295554	0.0	0.0	0.0	1.0	1.0
516229	0.0	0.0	0.0	1.0	1.0
519007	0.0	0.0	0.0	1.0	0.0
528233	0.0	0.0	0.0	1.0	0.0
4412542	0.0	0.0	0.0	1.0	1.0
4303701	0.0	0.0	0.0	1.0	0.0
514575	0.0	0.0	0.0	1.0	1.0
561194	0.0	0.0	0.0	1.0	1.0
4319784	0.0	0.0	0.0	1.0	0.0
198733	0.0	0.0	0.0	1.0	0.0
848950	0.0	0.0	0.0	1.0	0.0
519347	0.0	0.0	0.0	1.0	1.0
587839	0.0	0.0	0.0	1.0	0.0
336372	0.0	0.0	0.0	1.0	0.0
321743	0.0	0.0	0.0	1.0	1.0
517885	0.0	0.0	0.0	1.0	1.0
516453	0.0	0.0	0.0	1.0	0.0
1031634	0.0	0.0	0.0	1.0	1.0
526993	0.0	0.0	0.0	1.0	0.0
3119180	0.0	0.0	0.0	1.0	0.0
4436040	0.0	0.0	0.0	1.0	0.0
715743	0.0	0.0	0.0	1.0	1.0
300099	0.0	0.0	0.0	1.0	1.0
336769	0.0	0.0	0.0	1.0	0.0
522907	0.0	0.0	0.0	1.0	1.0
3285436	0.0	0.0	0.0	1.0	1.0
301253	0.0	0.0	0.0	1.0	0.0
518851	0.0	0.0	0.0	1.0	0.0
300106	0.0	0.0	0.0	1.0	0.0
349786	0.0	0.0	0.0	1.0	1.0
4443159	0.0	0.0	0.0	1.0	1.0
844744	0.0	0.0	0.0	1.0	1.0
4341867	0.0	0.0	0.0	1.0	1.0
592612	0.0	0.0	0.0	1.0	1.0
366506	0.0	0.0	0.0	1.0	0.0
523608	0.0	0.0	0.0	1.0	1.0
183598	0.0	0.0	0.0	1.0	1.0
364074	0.0	0.0	0.0	1.0	0.0
528303	0.0	0.0	0.0	1.0	1.0
523961	0.0	0.0	0.0	1.0	1.0
519069	0.0	0.0	0.0	1.0	0.0
849625	0.0	0.0	0.0	1.0	1.0
530230	0.0	0.0	0.0	1.0	0.0
184464	0.0	0.0	0.0	1.0	0.0
296374	0.0	0.0	0.0	1.0	1.0
510530	0.0	0.0	0.0	1.0	1.0
520294	0.0	0.0	0.0	1.0	0.0
195574	0.0	0.0	0.0	1.0	0.0
531904	0.0	0.0	0.0	1.0	0.0
511597	0.0	0.0	0.0	1.0	1.0
329728	0.0	0.0	0.0	1.0	0.0
296552	0.0	0.0	0.0	1.0	0.0
294196	0.0	0.0	0.0	1.0	0.0
292707	0.0	0.0	0.0	1.0	1.0
298394	0.0	0.0	0.0	1.0	1.0
517015	0.0	0.0	0.0	1.0	0.0
529398	0.0	0.0	0.0	1.0	0.0
511256	0.0	0.0	0.0	1.0	1.0
516332	0.0	0.0	0.0	1.0	1.0
4352452	0.0	0.0	0.0	1.0	0.0
516731	0.0	0.0	0.0	1.0	0.0
321083	0.0	0.0	0.0	1.0	0.0
524116	0.0	0.0	0.0	1.0	1.0
531121	0.0	0.0	0.0	1.0	1.0
362089	0.0	0.0	0.0	1.0	1.0
350627	0.0	0.0	0.0	1.0	0.0
514769	0.0	0.0	0.0	1.0	1.0
515945	0.0	0.0	0.0	1.0	1.0
294617	0.0	0.0	0.0	1.0	0.0
520866	0.0	0.0	0.0	1.0	1.0
522948	0.0	0.0	0.0	1.0	1.0
521244	0.0	0.0	0.0	1.0	1.0
530597	0.0	0.0	0.0	1.0	0.0
530650	0.0	0.0	0.0	1.0	0.0
4327034	0.0	0.0	0.0	1.0	1.0
300872	0.0	0.0	0.0	1.0	1.0
516530	0.0	0.0	0.0	1.0	1.0
514512	0.0	0.0	0.0	1.0	1.0
519244	0.0	0.0	0.0	1.0	0.0
4354987	0.0	0.0	0.0	1.0	1.0
509587	0.0	0.0	0.0	1.0	1.0
843972	0.0	0.0	0.0	1.0	0.0
196729	0.0	0.0	0.0	1.0	1.0
325046	0.0	0.0	0.0	1.0	1.0
524865	0.0	0.0	0.0	1.0	1.0
297270	0.0	0.0	0.0	1.0	1.0
4407964	0.0	0.0	0.0	1.0	1.0
510855	0.0	0.0	0.0	1.0	1.0
173565	0.0	0.0	0.0	1.0	1.0
839865	0.0	0.0	0.0	1.0	0.0
516875	0.0	0.0	0.0	1.0	1.0
269138	0.0	0.0	0.0	1.0	1.0
349352	0.0	0.0	0.0	1.0	0.0
516093	0.0	0.0	0.0	1.0	1.0
4301001	0.0	0.0	0.0	1.0	1.0
188921	0.0	0.0	0.0	1.0	0.0
527604	0.0	0.0	0.0	1.0	1.0
301923	0.0	0.0	0.0	1.0	0.0
301656	0.0	0.0	0.0	1.0	0.0
513417	0.0	0.0	0.0	1.0	0.0
180825	0.0	0.0	0.0	1.0	0.0
4321532	0.0	0.0	0.0	1.0	0.0
684861	0.0	0.0	0.0	1.0	0.0
518097	0.0	0.0	0.0	1.0	0.0
516565	0.0	0.0	0.0	1.0	1.0
849779	0.0	0.0	0.0	1.0	1.0
525880	0.0	0.0	0.0	1.0	0.0
294270	0.0	0.0	0.0	1.0	0.0
526547	0.0	0.0	0.0	1.0	0.0
527516	0.0	0.0	0.0	1.0	1.0
927100	0.0	0.0	0.0	1.0	1.0
526623	0.0	0.0	0.0	1.0	0.0
185522	0.0	0.0	0.0	1.0	1.0
299764	0.0	0.0	0.0	1.0	0.0
ACBX02000017.22857.24376	0.0	0.0	0.0	1.0	1.0
314613	0.0	0.0	0.0	1.0	0.0
321875	0.0	0.0	0.0	1.0	0.0
521957	0.0	0.0	0.0	1.0	1.0
4324243	0.0	0.0	0.0	1.0	1.0
4383727	0.0	0.0	0.0	1.0	0.0
514486	0.0	0.0	0.0	1.0	0.0
4319780	0.0	0.0	0.0	1.0	1.0
516151	0.0	0.0	0.0	1.0	1.0
4343476	0.0	0.0	0.0	1.0	1.0
517996	0.0	0.0	0.0	1.0	1.0
519980	0.0	0.0	0.0	1.0	1.0
191319	0.0	0.0	0.0	1.0	1.0
844726	0.0	0.0	0.0	1.0	1.0
294573	0.0	0.0	0.0	1.0	1.0
195206	0.0	0.0	0.0	1.0	1.0
4404224	0.0	0.0	0.0	1.0	1.0
308809	0.0	0.0	0.0	1.0	0.0
516225	0.0	0.0	0.0	1.0	1.0
302420	0.0	0.0	0.0	1.0	1.0
580162	0.0	0.0	0.0	1.0	1.0
2075910	0.0	0.0	0.0	1.0	1.0
531370	0.0	0.0	0.0	1.0	1.0
523851	0.0	0.0	0.0	1.0	0.0
321145	0.0	0.0	0.0	1.0	0.0
539050	0.0	0.0	0.0	1.0	0.0
1921615	0.0	0.0	0.0	1.0	0.0
312969	0.0	0.0	0.0	1.0	1.0
846327	0.0	0.0	0.0	1.0	1.0
342638	0.0	0.0	0.0	1.0	1.0
528890	0.0	0.0	0.0	1.0	1.0
511156	0.0	0.0	0.0	1.0	1.0
845072	0.0	0.0	0.0	1.0	0.0
186315	0.0	0.0	0.0	1.0	1.0
528818	0.0	0.0	0.0	1.0	1.0
532039	0.0	0.0	0.0	1.0	1.0
638461	0.0	0.0	0.0	1.0	0.0
528314	0.0	0.0	0.0	1.0	0.0
512960	0.0	0.0	0.0	1.0	1.0
509878	0.0	0.0	0.0	1.0	1.0
203890	0.0	0.0	0.0	1.0	0.0
293939	0.0	0.0	0.0	1.0	0.0
521520	0.0	0.0	0.0	1.0	1.0
518641	0.0	0.0	0.0	1.0	1.0
72142	0.0	0.0	0.0	1.0	0.0
292799	0.0	0.0	0.0	1.0	1.0
528079	0.0	0.0	0.0	1.0	1.0
531699	0.0	0.0	0.0	1.0	0.0
313152	0.0	0.0	0.0	1.0	0.0
299830	0.0	0.0	0.0	1.0	1.0
525582	0.0	0.0	0.0	1.0	1.0
524124	0.0	0.0	0.0	1.0	0.0
531240	0.0	0.0	0.0	1.0	0.0
4306374	0.0	0.0	0.0	1.0	1.0
522084	0.0	0.0	0.0	1.0	1.0
840771	0.0	0.0	0.0	1.0	1.0
517784	0.0	0.0	0.0	1.0	1.0
520962	0.0	0.0	0.0	1.0	1.0
845567	0.0	0.0	0.0	1.0	1.0
1575991	0.0	0.0	0.0	1.0	1.0
293584	0.0	0.0	0.0	1.0	1.0
523121	0.0	0.0	0.0	1.0	1.0
288174	0.0	0.0	0.0	1.0	0.0
521175	0.0	0.0	0.0	1.0	1.0
1045110	0.0	0.0	0.0	1.0	1.0
189358	0.0	0.0	0.0	1.0	0.0
850343	0.0	0.0	0.0	1.0	0.0
519704	0.0	0.0	0.0	1.0	1.0
849544	0.0	0.0	0.0	1.0	1.0
520595	0.0	0.0	0.0	1.0	0.0
343094	0.0	0.0	0.0	1.0	0.0
526429	0.0	0.0	0.0	1.0	1.0
296597	0.0	0.0	0.0	1.0	0.0
513245	0.0	0.0	0.0	1.0	1.0
520883	0.0	0.0	0.0	1.0	0.0
331358	0.0	0.0	0.0	1.0	1.0
517068	0.0	0.0	0.0	1.0	1.0
AB244773.1	0.0	0.0	0.0	1.0	1.0
845231	0.0	0.0	0.0	1.0	1.0
530653	0.0	0.0	0.0	1.0	0.0
846562	0.0	0.0	0.0	1.0	1.0
302983	0.0	0.0	0.0	1.0	0.0
291725	0.0	0.0	0.0	1.0	1.0
288795	0.0	0.0	0.0	1.0	0.0
4440171	0.0	0.0	0.0	1.0	1.0
4324217	0.0	0.0	0.0	1.0	0.0
526312	0.0	0.0	0.0	1.0	0.0
511730	0.0	0.0	0.0	1.0	1.0
2986753	0.0	0.0	0.0	1.0	1.0
846306	0.0	0.0	0.0	1.0	1.0
4428120	0.0	0.0	0.0	1.0	1.0
513113	0.0	0.0	0.0	1.0	1.0
291409	0.0	0.0	0.0	1.0	0.0
520195	0.0	0.0	0.0	1.0	1.0
522392	0.0	0.0	0.0	1.0	1.0
517822	0.0	0.0	0.0	1.0	1.0
528130	0.0	0.0	0.0	1.0	1.0
294134	0.0	0.0	0.0	1.0	1.0
723256	0.0	0.0	0.0	1.0	1.0
525357	0.0	0.0	0.0	1.0	1.0
516464	0.0	0.0	0.0	1.0	0.0
515798	0.0	0.0	0.0	1.0	0.0
297113	0.0	0.0	0.0	1.0	1.0
4398579	0.0	0.0	0.0	1.0	1.0
753803	0.0	0.0	0.0	1.0	0.0
344318	0.0	0.0	0.0	1.0	0.0
1986400	0.0	0.0	0.0	1.0	0.0
298451	0.0	0.0	0.0	1.0	0.0
339457	0.0	0.0	0.0	1.0	1.0
841502	0.0	0.0	0.0	1.0	0.0
905528	0.0	0.0	0.0	1.0	1.0
296519	0.0	0.0	0.0	1.0	1.0
313121	0.0	0.0	0.0	1.0	1.0
520803	0.0	0.0	0.0	1.0	0.0
525348	0.0	0.0	0.0	1.0	1.0
197149	0.0	0.0	0.0	1.0	1.0
4343156	0.0	0.0	0.0	1.0	1.0
512937	0.0	0.0	0.0	1.0	1.0
511418	0.0	0.0	0.0	1.0	1.0
526701	0.0	0.0	0.0	1.0	0.0
520295	0.0	0.0	0.0	1.0	0.0
300636	0.0	0.0	0.0	1.0	0.0
ACBX02000014.1230.2749	0.0	0.0	0.0	1.0	1.0
521558	0.0	0.0	0.0	1.0	1.0
529345	0.0	0.0	0.0	1.0	0.0
527085	0.0	0.0	0.0	1.0	0.0
2300731	0.0	0.0	0.0	1.0	0.0
531485	0.0	0.0	0.0	1.0	0.0
676089	0.0	0.0	0.0	1.0	1.0
328936	0.0	0.0	0.0	1.0	0.0
517304	0.0	0.0	0.0	1.0	1.0
368681	0.0	0.0	0.0	1.0	0.0
519044	0.0	0.0	0.0	1.0	1.0
4476186	0.0	0.0	0.0	1.0	0.0
531323	0.0	0.0	0.0	1.0	0.0
522272	0.0	0.0	0.0	1.0	1.0
299770	0.0	0.0	0.0	1.0	0.0
288573	0.0	0.0	0.0	1.0	0.0
848989	0.0	0.0	0.0	1.0	0.0
4477191	0.0	0.0	0.0	1.0	0.0
288205	0.0	0.0	0.0	1.0	0.0
531510	0.0	0.0	0.0	1.0	0.0
530727	0.0	0.0	0.0	1.0	0.0
290837	0.0	0.0	0.0	1.0	0.0
290095	0.0	0.0	0.0	1.0	0.0
4386742	0.0	0.0	0.0	1.0	0.0
519186	0.0	0.0	0.0	1.0	0.0
2904927	0.0	0.0	0.0	1.0	0.0
516073	0.0	0.0	0.0	1.0	0.0
522877	0.0	0.0	0.0	1.0	1.0
513086	0.0	0.0	0.0	1.0	0.0
513915	0.0	0.0	0.0	1.0	0.0
518536	0.0	0.0	0.0	1.0	0.0
515483	0.0	0.0	0.0	1.0	0.0
519397	0.0	0.0	0.0	1.0	0.0
4416815	0.0	0.0	0.0	1.0	0.0
3156638	0.0	0.0	0.0	1.0	0.0
528759	0.0	0.0	0.0	1.0	0.0
527480	0.0	0.0	0.0	1.0	0.0
513298	0.0	0.0	0.0	1.0	0.0
531760	0.0	0.0	0.0	1.0	0.0
530942	0.0	0.0	0.0	1.0	0.0
527159	0.0	0.0	0.0	1.0	0.0
527319	0.0	0.0	0.0	1.0	0.0
521596	0.0	0.0	0.0	1.0	0.0
526363	0.0	0.0	0.0	1.0	0.0
297631	0.0	0.0	0.0	1.0	0.0
511971	0.0	0.0	0.0	1.0	0.0
515820	0.0	0.0	0.0	1.0	0.0
531734	0.0	0.0	0.0	1.0	0.0
517422	0.0	0.0	0.0	1.0	0.0
514960	0.0	0.0	0.0	1.0	0.0
514496	0.0	0.0	0.0	1.0	0.0
530038	0.0	0.0	0.0	1.0	1.0
510981	0.0	0.0	0.0	1.0	0.0
4295774	0.0	0.0	0.0	1.0	0.0
526289	0.0	0.0	0.0	1.0	0.0
296635	0.0	0.0	0.0	1.0	0.0
334729	0.0	0.0	0.0	1.0	0.0
849745	0.0	0.0	0.0	1.0	0.0
515110	0.0	0.0	0.0	1.0	0.0
198573	0.0	0.0	0.0	1.0	0.0
344525	0.0	0.0	0.0	3.0	1.0
AF542232	0.0	0.0	0.0	1.0	0.0
175799	0.0	0.0	0.0	1.0	2.0
196647	0.0	0.0	0.0	1.0	3.0
188407	0.0	0.0	0.0	1.0	2.0
4295707	0.0	0.0	0.0	1.0	5.0
523132	0.0	0.0	0.0	1.0	3.0
529011	0.0	0.0	0.0	1.0	2.0
188442	0.0	0.0	0.0	1.0	1.0
291787	0.0	0.0	0.0	1.0	2.0
196727	0.0	0.0	0.0	1.0	2.0
185023	0.0	0.0	0.0	1.0	4.0
509917	0.0	0.0	0.0	1.0	2.0
243476	0.0	0.0	0.0	1.0	0.0
NR_118652	0.0	0.0	0.0	1.0	1.0
177297	0.0	0.0	0.0	1.0	1.0
173412	0.0	0.0	0.0	1.0	1.0
190851	0.0	0.0	0.0	1.0	0.0
354265	0.0	0.0	0.0	1.0	0.0
578315	0.0	0.0	0.0	1.0	0.0
619450	0.0	0.0	0.0	1.0	0.0
NR_117839	0.0	0.0	0.0	1.0	0.0
ACJY01000002.122.1615	0.0	0.0	0.0	1.0	0.0
CP024700.2346936.2348482	0.0	0.0	0.0	1.0	0.0
AB020883.1.1453	0.0	0.0	0.0	1.0	1.0
Y18186.1.1490	0.0	0.0	0.0	1.0	2.0
AB020731.1.1406	0.0	0.0	0.0	1.0	4.0
AB020728.1.1453	0.0	0.0	0.0	1.0	4.0
AB020730.1.1459	0.0	0.0	0.0	1.0	1.0
L16483	0.0	0.0	0.0	11.0	2.0
NR_113103	0.0	0.0	0.0	8.0	3.0
MF139038.1.1466	0.0	0.0	0.0	1.0	0.0
HG798472.1.1400	0.0	0.0	0.0	1.0	0.0
EU419591.1.1483	0.0	0.0	0.0	1.0	0.0
JN175331	0.0	0.0	0.0	1.0	0.0
KY658479.1.1213	0.0	0.0	0.0	1.0	0.0
KY392986.1.1447	0.0	0.0	0.0	1.0	0.0
HG798473.1.1438	0.0	0.0	0.0	1.0	0.0
KX057626.1.1508	0.0	0.0	0.0	1.0	0.0
KU366365.1.1545	0.0	0.0	0.0	1.0	0.0
FR873975.1.1545	0.0	0.0	0.0	1.0	0.0
MK024246.1.1320	0.0	0.0	0.0	1.0	0.0
CP019030.1598989.1600568	0.0	0.0	0.0	1.0	0.0
MF989239.1.1223	0.0	0.0	0.0	1.0	0.0
EF468685	0.0	0.0	0.0	11.0	0.0
176722	0.0	0.0	0.0	1.0	0.0
361166	0.0	0.0	0.0	1.0	0.0
592412	0.0	0.0	0.0	1.0	0.0
524258	0.0	0.0	0.0	1.0	0.0
4232048	0.0	0.0	0.0	1.0	0.0
173945	0.0	0.0	0.0	1.0	0.0
AAXA02000006.102304.103822	0.0	0.0	0.0	1.0	0.0
4401634	0.0	0.0	0.0	1.0	0.0
360962	0.0	0.0	0.0	1.0	0.0
530953	0.0	0.0	0.0	1.0	0.0
FR733670	0.0	0.0	0.0	9.0	19.0
NR_113122	0.0	0.0	0.0	3.0	0.0
AB078827	0.0	0.0	0.0	4.0	0.0
AB547705.1.1491	0.0	0.0	0.0	1.0	0.0
AY514996	0.0	0.0	0.0	6.0	0.0
NR_152095	0.0	0.0	0.0	3.0	0.0
LN626359	0.0	0.0	0.0	2.0	0.0
X78720	0.0	0.0	0.0	2.0	0.0
HQ850579.1	0.0	0.0	0.0	3.0	0.0
AJ438050	0.0	0.0	0.0	2.0	0.0
NR_119173	0.0	0.0	0.0	3.0	0.0
AF473837	0.0	0.0	0.0	5.0	0.0
FNWT01000021.308.1826	0.0	0.0	0.0	2.0	0.0
FN178463	0.0	0.0	0.0	3.0	0.0
MK424351	0.0	0.0	0.0	5.0	0.0
FJ185225	0.0	0.0	0.0	4.0	0.0
M58685	0.0	0.0	0.0	4.0	0.0
HM587323	0.0	0.0	0.0	4.0	0.0
Y10772	0.0	0.0	0.0	3.0	0.0
AGZD01000007.535183.536720	0.0	0.0	0.0	1.0	0.0
DQ174168	0.0	0.0	0.0	4.0	0.0
KR911910	0.0	0.0	0.0	4.0	0.0
NR_118323.1	0.0	0.0	0.0	4.0	0.0
LN870298.1.1495	0.0	0.0	0.0	3.0	0.0
KC311366	0.0	0.0	0.0	3.0	0.0
AM084229	0.0	0.0	0.0	1.0	0.0
NR_119012	0.0	0.0	0.0	1.0	0.0
X71861	0.0	0.0	0.0	1.0	0.0
130864	0.0	0.0	0.0	1.0	0.0
1033552	0.0	0.0	0.0	1.0	0.0
Y16329	0.0	0.0	0.0	1.0	0.0
179649	0.0	0.0	0.0	0.0	1.0
526358	0.0	0.0	0.0	0.0	1.0
523363	0.0	0.0	0.0	0.0	1.0
3923796	0.0	0.0	0.0	0.0	1.0
184478	0.0	0.0	0.0	0.0	1.0
358647	0.0	0.0	0.0	0.0	1.0
273179	0.0	0.0	0.0	0.0	1.0
4471569	0.0	0.0	0.0	0.0	1.0
562318	0.0	0.0	0.0	0.0	1.0
358383	0.0	0.0	0.0	0.0	1.0
184536	0.0	0.0	0.0	0.0	1.0
4479887	0.0	0.0	0.0	0.0	1.0
183498	0.0	0.0	0.0	0.0	1.0
4298271	0.0	0.0	0.0	0.0	1.0
181707	0.0	0.0	0.0	0.0	1.0
4406232	0.0	0.0	0.0	0.0	1.0
577022	0.0	0.0	0.0	0.0	1.0
309370	0.0	0.0	0.0	0.0	1.0
301872	0.0	0.0	0.0	0.0	1.0
4432459	0.0	0.0	0.0	0.0	1.0
258710	0.0	0.0	0.0	0.0	1.0
186749	0.0	0.0	0.0	0.0	1.0
843693	0.0	0.0	0.0	0.0	1.0
174129	0.0	0.0	0.0	0.0	1.0
4435690	0.0	0.0	0.0	0.0	1.0
LZ174310.2.1426	0.0	0.0	0.0	0.0	1.0
177090	0.0	0.0	0.0	0.0	1.0
188402	0.0	0.0	0.0	0.0	1.0
326497	0.0	0.0	0.0	0.0	1.0
270968	0.0	0.0	0.0	0.0	1.0
985239	0.0	0.0	0.0	0.0	1.0
135625	0.0	0.0	0.0	0.0	1.0
210965	0.0	0.0	0.0	0.0	1.0
321923	0.0	0.0	0.0	0.0	1.0
164872	0.0	0.0	0.0	0.0	1.0
183948	0.0	0.0	0.0	0.0	1.0
189176	0.0	0.0	0.0	0.0	1.0
164719	0.0	0.0	0.0	0.0	1.0
4480550	0.0	0.0	0.0	0.0	1.0
1744265	0.0	0.0	0.0	0.0	1.0
4476604	0.0	0.0	0.0	0.0	1.0
1805553	0.0	0.0	0.0	0.0	1.0
2797559	0.0	0.0	0.0	0.0	1.0
2683271	0.0	0.0	0.0	0.0	1.0
363436	0.0	0.0	0.0	0.0	1.0
275913	0.0	0.0	0.0	0.0	1.0
287368	0.0	0.0	0.0	0.0	1.0
615191	0.0	0.0	0.0	0.0	1.0
526801	0.0	0.0	0.0	0.0	1.0
523246	0.0	0.0	0.0	0.0	1.0
334392	0.0	0.0	0.0	0.0	1.0
589329	0.0	0.0	0.0	0.0	1.0
316362	0.0	0.0	0.0	0.0	1.0
526174	0.0	0.0	0.0	0.0	1.0
545061	0.0	0.0	0.0	0.0	1.0
610673	0.0	0.0	0.0	0.0	1.0
511813	0.0	0.0	0.0	0.0	1.0
850370	0.0	0.0	0.0	0.0	1.0
522627	0.0	0.0	0.0	0.0	1.0
531106	0.0	0.0	0.0	0.0	1.0
568118	0.0	0.0	0.0	0.0	1.0
225945	0.0	0.0	0.0	0.0	1.0
525229	0.0	0.0	0.0	0.0	1.0
581089	0.0	0.0	0.0	0.0	1.0
532041	0.0	0.0	0.0	0.0	1.0
514152	0.0	0.0	0.0	0.0	1.0
523033	0.0	0.0	0.0	0.0	1.0
976140	0.0	0.0	0.0	0.0	1.0
525793	0.0	0.0	0.0	0.0	1.0
4108811	0.0	0.0	0.0	0.0	1.0
524076	0.0	0.0	0.0	0.0	1.0
4249669	0.0	0.0	0.0	0.0	1.0
4477719	0.0	0.0	0.0	0.0	1.0
NR_115750	0.0	0.0	0.0	0.0	1.0
KP322634.1.1524	0.0	0.0	0.0	0.0	1.0
511747	0.0	0.0	0.0	0.0	2.0
4432094	0.0	0.0	0.0	0.0	3.0
183034	0.0	0.0	0.0	0.0	3.0
179018	0.0	0.0	0.0	0.0	4.0
576881	0.0	0.0	0.0	0.0	2.0
527208	0.0	0.0	0.0	0.0	5.0
521444	0.0	0.0	0.0	0.0	1.0
511209	0.0	0.0	0.0	0.0	4.0
342467	0.0	0.0	0.0	0.0	4.0
179620	0.0	0.0	0.0	0.0	2.0
193776	0.0	0.0	0.0	0.0	1.0
291210	0.0	0.0	0.0	0.0	1.0
656865	0.0	0.0	0.0	0.0	1.0
185530	0.0	0.0	0.0	0.0	2.0
194273	0.0	0.0	0.0	0.0	4.0
190148	0.0	0.0	0.0	0.0	1.0
175475	0.0	0.0	0.0	0.0	1.0
193623	0.0	0.0	0.0	0.0	2.0
174066	0.0	0.0	0.0	0.0	2.0
4410938	0.0	0.0	0.0	0.0	1.0
174755	0.0	0.0	0.0	0.0	1.0
191595	0.0	0.0	0.0	0.0	1.0
360377	0.0	0.0	0.0	0.0	1.0
365933	0.0	0.0	0.0	0.0	1.0
362875	0.0	0.0	0.0	0.0	1.0
307140	0.0	0.0	0.0	0.0	1.0
AB011814.1.1480	0.0	0.0	0.0	0.0	1.0
182134	0.0	0.0	0.0	0.0	1.0
231704	0.0	0.0	0.0	0.0	1.0
3696710	0.0	0.0	0.0	0.0	1.0
368350	0.0	0.0	0.0	0.0	1.0
287601	0.0	0.0	0.0	0.0	1.0
577476	0.0	0.0	0.0	0.0	1.0
194384	0.0	0.0	0.0	0.0	1.0
120281	0.0	0.0	0.0	0.0	1.0
208928	0.0	0.0	0.0	0.0	1.0
334041	0.0	0.0	0.0	0.0	1.0
291815	0.0	0.0	0.0	0.0	1.0
300563	0.0	0.0	0.0	0.0	1.0
178795	0.0	0.0	0.0	0.0	1.0
554338	0.0	0.0	0.0	0.0	1.0
AY038996.1.1530	0.0	0.0	0.0	0.0	2.0
U95027	0.0	0.0	0.0	0.0	1.0
AJ270490	0.0	0.0	0.0	0.0	29.0
KU999999	0.0	0.0	0.0	0.0	5.0
JPIT01000001.10.1536	0.0	0.0	0.0	0.0	5.0
LT558847	0.0	0.0	0.0	0.0	5.0
X77839.1	0.0	0.0	0.0	0.0	3.0
